"","turquoise_gene"
"1","ZFP57"
"2","HSD11B1-AS1"
"3","G0S2"
"4","IL1A"
"5","CXCL8"
"6","NR4A3"
"7","STX17-AS1"
"8","CCL3"
"9","AC243829.4"
"10","EREG"
"11","HBEGF"
"12","PTGDS"
"13","AL807752.7"
"14","TSC22D2"
"15","LDHC"
"16","HIST1H3G"
"17","CD83"
"18","CXCL2"
"19","AC243829.1"
"20","CCL3L1"
"21","LUM"
"22","B3GALT2"
"23","NR4A2"
"24","CCIN"
"25","PTGS2"
"26","RNF17"
"27","LYZ"
"28","TAS2R4"
"29","SPTSSB"
"30","HIST2H3C"
"31","BHLHE40"
"32","SLF2"
"33","CCL18"
"34","ADAMTS1"
"35","CD69"
"36","CXCR6"
"37","SOCS3"
"38","AC025627.1"
"39","SLC47A1"
"40","CXCL3"
"41","FP565260.3"
"42","UGT2B17"
"43","ANKRD18B"
"44","HIST1H4D"
"45","CXCL1"
"46","AC022217.3"
"47","DUSP1"
"48","CFAP45"
"49","IL6"
"50","KIF13A"
"51","HIST1H4B"
"52","AL162258.2"
"53","S100A1"
"54","AL162258.1"
"55","KCNK7"
"56","EDN2"
"57","SLC22A16"
"58","NFKBIZ"
"59","ZBTB24"
"60","PCDH8"
"61","FAM43A"
"62","NRG1"
"63","ZBTB12"
"64","ID1"
"65","LAIR2"
"66","CSRNP1"
"67","PLK2"
"68","FILIP1L"
"69","FKTN"
"70","ETV7"
"71","SYCP2L"
"72","CCDC68"
"73","S100B"
"74","LINC01565"
"75","AP003680.1"
"76","CXCR1"
"77","NFIL3"
"78","ATF3"
"79","PPP1R15A"
"80","ID3"
"81","MEGF11"
"82","IL1B"
"83","ZNF414"
"84","OR10A6"
"85","ZNF322"
"86","MARCO"
"87","HIST2H3A"
"88","MYO18B"
"89","BTG2"
"90","TRDV2"
"91","GNLY"
"92","GPNMB"
"93","WDCP"
"94","SGK1"
"95","KLK3"
"96","HIST1H4L"
"97","MAP3K8"
"98","IFIT1"
"99","LAX1"
"100","MAFK"
"101","C9orf40"
"102","FGD4"
"103","DUSP2"
"104","CCR7"
"105","ADM"
"106","OSGIN2"
"107","CCL2"
"108","LRIT3"
"109","ZNF316"
"110","TNF"
"111","TNFSF11"
"112","ARL4A"
"113","ZNF649"
"114","ZNF649-AS1"
"115","IFIT3"
"116","KLHDC8A"
"117","EVC2"
"118","NOG"
"119","TM4SF19"
"120","TM4SF19-AS1"
"121","TM4SF19-TCTEX1D2"
"122","ZNF132"
"123","MN1"
"124","DRAXIN"
"125","PLG"
"126","AL109933.5"
"127","INHBA"
"128","TNFSF14"
"129","NINJ1"
"130","BICDL1"
"131","TXNRD3"
"132","PPP4R1L"
"133","CXCL13"
"134","STRIP2"
"135","DIP2A"
"136","HCAR2"
"137","AC026333.3"
"138","C1orf109"
"139","HIST2H4B"
"140","AC025180.1"
"141","KCNA5"
"142","MTSS1"
"143","OR2B2"
"144","ROR2"
"145","GIMAP4"
"146","HIST1H4J"
"147","GIMAP5"
"148","PIM3"
"149","ZNF595"
"150","PRR26"
"151","TREM1"
"152","MFSD4A"
"153","KBTBD3"
"154","IER3-AS1"
"155","DHRS9"
"156","USP31"
"157","RAB20"
"158","AC007342.3"
"159","LIPC"
"160","PLS3"
"161","HLA-DQB1"
"162","HLA-DQB1-AS1"
"163","IL7R"
"164","CDC73"
"165","CLMN"
"166","CCDC121"
"167","ZFP36"
"168","GPR20"
"169","MUC20"
"170","MUC20P1"
"171","MUC20-OT1"
"172","SCRG1"
"173","CD274"
"174","ZNF550"
"175","GOLPH3L"
"176","CCL8"
"177","TFF3"
"178","KRT13"
"179","PCOLCE2"
"180","AC018552.2"
"181","CXorf58"
"182","ZNF786"
"183","ZNF175"
"184","KBTBD6"
"185","CLEC4G"
"186","ITPRIPL2"
"187","AC099518.3"
"188","AC011484.1"
"189","PLK3"
"190","CLEC1A"
"191","LINC01619"
"192","PAQR8"
"193","LTF"
"194","PRG3"
"195","RNASEL"
"196","VIT"
"197","LRRC72"
"198","KNOP1"
"199","AC002550.1"
"200","AC074091.2"
"201","KRTAP19-2"
"202","ZNF691"
"203","AC132192.2"
"204","PLAG1"
"205","TMED6"
"206","AC019294.2"
"207","GIMAP6"
"208","POGLUT3"
"209","DUSP4"
"210","ZFAND2A"
"211","EPHX4"
"212","LINC01973"
"213","CCDC122"
"214","ZC3H7B"
"215","CAPN8"
"216","FBXO48"
"217","GIMAP8"
"218","ANKRD36"
"219","WDR63"
"220","TRPC3"
"221","AC013269.1"
"222","AC140481.2"
"223","AL513485.1"
"224","FCRL6"
"225","LINC01133"
"226","TXK"
"227","AF233439.1"
"228","ZNF763"
"229","LINC02313"
"230","PUDP"
"231","ZNF836"
"232","AC011468.2"
"233","KLRG1"
"234","BACH2"
"235","PLCB4"
"236","CCDC142"
"237","PRH2"
"238","BTN2A1"
"239","TEC"
"240","CLRN1"
"241","AC020636.2"
"242","AC020636.1"
"243","KHDC4"
"244","RGS19"
"245","DNAAF3"
"246","AC010327.2"
"247","RTP4"
"248","B3GNT5"
"249","HNRNPH1"
"250","AC126121.3"
"251","GADD45B"
"252","FAM200A"
"253","PLAUR"
"254","ARHGAP22"
"255","ZNF559-ZNF177"
"256","PTGDR"
"257","WWC2"
"258","BRWD1"
"259","MPV17L"
"260","AC140504.1"
"261","KRT72"
"262","GBP3"
"263","SLC35G6"
"264","ZBTB4"
"265","C20orf194"
"266","SLA"
"267","CST7"
"268","P2RY14"
"269","AC133485.3"
"270","ACBD7"
"271","AC122719.2"
"272","TP53RK"
"273","RSAD2"
"274","ANO4"
"275","HCAR3"
"276","SHISA7"
"277","TSPYL5"
"278","CCDC184"
"279","DRC1"
"280","FAM81A"
"281","FAM107A"
"282","TRIM61"
"283","IRS2"
"284","NKG7"
"285","RARRES1"
"286","AC006130.1"
"287","ZNF555"
"288","NLRP2"
"289","STARD13"
"290","SLC26A2"
"291","GATA2"
"292","ARRDC5"
"293","STRN3"
"294","CLIC3"
"295","TRIM10"
"296","DENND2D"
"297","L1TD1"
"298","DET1"
"299","SFMBT2"
"300","OR8G5"
"301","ZNF382"
"302","IGIP"
"303","NPTXR"
"304","JAM2"
"305","AGAP2"
"306","PGBD2"
"307","UHRF1"
"308","UTRN"
"309","MBP"
"310","AL033504.1"
"311","ZNF419"
"312","MFAP1"
"313","ZNF287"
"314","TP53TG3D"
"315","FNIP1"
"316","FOS"
"317","PXMP4"
"318","CASP8"
"319","ZNF596"
"320","OR5AL1"
"321","CASP10"
"322","CCDC149"
"323","FAM53C"
"324","CHRNA10"
"325","FTCDNL1"
"326","UGT2B7"
"327","PACSIN1"
"328","NFIA"
"329","EHHADH"
"330","EHHADH-AS1"
"331","GIMAP1-GIMAP5"
"332","SLFN5"
"333","CXCL11"
"334","RANBP17"
"335","ADORA3"
"336","LINC00910"
"337","DCUN1D3"
"338","MYCL"
"339","ZNF670"
"340","PLA2G10"
"341","TOM1L1"
"342","STAT1"
"343","MED11"
"344","AZIN1-AS1"
"345","ANTXR1"
"346","ZNF225"
"347","ZNF347"
"348","AL139339.1"
"349","CALHM1"
"350","ZNF227"
"351","EAF2"
"352","BCL2L13"
"353","BCL2L14"
"354","CD200R1L"
"355","TMEM99"
"356","ZNF625"
"357","RMI1"
"358","CLDN19"
"359","PTPRR"
"360","AXIN2"
"361","IDO2"
"362","AC002451.1"
"363","PDK4"
"364","KLF10"
"365","ARPIN"
"366","UCHL1"
"367","PLXNA2"
"368","KCTD6"
"369","DEFB119"
"370","MYRFL"
"371","AC025159.1"
"372","DPY19L2"
"373","SORT1"
"374","SACM1L"
"375","FKBP5"
"376","MPZL3"
"377","TAF7L"
"378","C16orf58"
"379","ZNF516"
"380","GPR1"
"381","AC010210.1"
"382","NEK11"
"383","HNF1A"
"384","SPRED1"
"385","RNF34"
"386","USP44"
"387","TRIM22"
"388","GRAP"
"389","ZNF613"
"390","B4GALT4"
"391","TBCCD1"
"392","AC008892.1"
"393","ANKRD55"
"394","CCDC63"
"395","LYNX1-SLURP2"
"396","LYNX1"
"397","PRKACB"
"398","BX664727.3"
"399","ANKRD29"
"400","ZSCAN21"
"401","AC116348.4"
"402","ARHGAP25"
"403","AC113189.1"
"404","TMEM102"
"405","SLFN11"
"406","ERG"
"407","CDC42EP2"
"408","GZMH"
"409","CD300C"
"410","AL021707.2"
"411","CBY1"
"412","CD1B"
"413","VCPIP1"
"414","HIST2H2AA3"
"415","HIST2H2AA4"
"416","CCR5AS"
"417","CCR5"
"418","GOLGA8UP"
"419","AC135983.1"
"420","FAM218A"
"421","ALDH1B1"
"422","ACOT4"
"423","ATP2A1"
"424","GRAMD2B"
"425","AC093535.1"
"426","DLGAP1"
"427","SSH2"
"428","IFI6"
"429","ZNF566"
"430","JAKMIP1"
"431","EOMES"
"432","CACNB4"
"433","MANEA"
"434","XAGE1A"
"435","CLEC4F"
"436","COL24A1"
"437","CAPN12"
"438","ERAP2"
"439","PGF"
"440","CADM2"
"441","FAM217A"
"442","AL136018.1"
"443","RUBCNL"
"444","FCGR3A"
"445","FOSL1"
"446","AC003005.1"
"447","CLIC5"
"448","TPTE2"
"449","THSD4"
"450","SIAH3"
"451","PANX2"
"452","CD40LG"
"453","DLEC1"
"454","ATP6AP1L"
"455","RNF145"
"456","SCNN1A"
"457","C2CD2"
"458","APOL4"
"459","BBS12"
"460","CA5B"
"461","CMTM1"
"462","DEFA1B"
"463","DEFA1"
"464","DEFA3"
"465","CYP2R1"
"466","OR2T27"
"467","BTBD19"
"468","GSTM3"
"469","NAB2"
"470","NEK7"
"471","ENPP5"
"472","NUFIP1"
"473","PLPP6"
"474","ADCY7"
"475","GRK2"
"476","ATP5F1EP2"
"477","NLRP3"
"478","PYHIN1"
"479","KLF14"
"480","SLC6A20"
"481","CD19"
"482","TRIM51"
"483","IL23R"
"484","SERPINF1"
"485","CXorf40A"
"486","RPS6KA4"
"487","ZAR1"
"488","CLECL1"
"489","SERPING1"
"490","ZNF217"
"491","TIPARP"
"492","TFAP2A"
"493","SESTD1"
"494","PAK1"
"495","INPP5A"
"496","AC008894.2"
"497","RAB8A"
"498","HMGXB4"
"499","WTAP"
"500","QSER1"
"501","CHM"
"502","AC010636.2"
"503","ZNF626"
"504","ALX1"
"505","SLC10A7"
"506","PRPF3"
"507","CLEC4O"
"508","BOD1"
"509","RNF32"
"510","PURB"
"511","AC000120.1"
"512","KRIT1"
"513","SMAD4"
"514","FBN1"
"515","LIG4"
"516","TGM1"
"517","ZNF250"
"518","ZNF276"
"519","POLR1B"
"520","SLC25A20"
"521","NR1H4"
"522","AC135178.4"
"523","AC135178.3"
"524","FN1"
"525","FAM170A"
"526","COX15"
"527","CYP2F1"
"528","AC246680.1"
"529","AC244453.1"
"530","PPM1D"
"531","CEP76"
"532","TIGD3"
"533","FMR1"
"534","SART3"
"535","ATXN3L"
"536","AC004674.1"
"537","GSTA5"
"538","CEACAM8"
"539","EXD2"
"540","NUP43"
"541","ENPP7"
"542","ST8SIA5"
"543","CUZD1"
"544","SCML2"
"545","PDZD2"
"546","ELOVL6"
"547","MCF2L2"
"548","LIMS3"
"549","AC112229.3"
"550","AC013271.1"
"551","LIMS4"
"552","TMEM184C"
"553","GIMAP1"
"554","CSNK1D"
"555","ARMC1"
"556","CAMP"
"557","PSMA4"
"558","CT62"
"559","CPT2"
"560","MT1A"
"561","OLFML2B"
"562","SYNRG"
"563","AC098483.1"
"564","OR2T29"
"565","OR2T5"
"566","ZNF573"
"567","RNF157"
"568","RNF157-AS1"
"569","LRRC6"
"570","ELK4"
"571","STPG1"
"572","AKAP12"
"573","NIPA1"
"574","AC006967.3"
"575","DBX1"
"576","TACSTD2"
"577","DNTTIP2"
"578","IL2RG"
"579","CBR3"
"580","CBR3-AS1"
"581","IL36B"
"582","TFPI2"
"583","MCC"
"584","USP37"
"585","PCED1B"
"586","PTPRB"
"587","AC025569.1"
"588","PEX12"
"589","ATM"
"590","HIST1H2BF"
"591","VPS13C"
"592","AC009554.1"
"593","TLDC2"
"594","SLC40A1"
"595","RBP4"
"596","ABHD6"
"597","TIPIN"
"598","MOGAT1"
"599","PLCXD1"
"600","HNF1A-AS1"
"601","VIPR1"
"602","HEXIM1"
"603","AC138150.1"
"604","BYSL"
"605","AL390957.1"
"606","CHAC2"
"607","SYNE1"
"608","RPL22L1"
"609","STIP1"
"610","IER2"
"611","H3F3C"
"612","DNAH3"
"613","UTS2"
"614","LINC01948"
"615","FCGR3B"
"616","RGCC"
"617","KIAA1671"
"618","SERTM1"
"619","WSB1"
"620","ZNF253"
"621","SYTL2"
"622","AL355390.1"
"623","TRIM48"
"624","CMTR2"
"625","AL353608.4"
"626","RUNX1"
"627","ACTR3"
"628","RBM4B"
"629","LPAR5"
"630","AC239798.2"
"631","ZNF718"
"632","USP18"
"633","VPS4B"
"634","C9orf72"
"635","SLC16A13"
"636","OR2A2"
"637","ZNF493"
"638","AC010615.4"
"639","SYT4"
"640","ALKAL2"
"641","CSTF3"
"642","SERPINB10"
"643","HUS1"
"644","UBE2L6"
"645","PLGLB1"
"646","EDDM3B"
"647","AC000120.3"
"648","CD300LD"
"649","MAT2B"
"650","AC005082.2"
"651","NUP42"
"652","PCDHB11"
"653","CRABP2"
"654","AL590666.4"
"655","AC126323.1"
"656","ABCD2"
"657","RPH3A"
"658","TIAM1"
"659","ZNF546"
"660","AC084871.1"
"661","AC244502.1"
"662","SLC30A6"
"663","AC005520.5"
"664","PTGR2"
"665","ZNF223"
"666","CARMIL3"
"667","CCDC77"
"668","ZFP3"
"669","PHF21A"
"670","RNF112"
"671","ADAMTS4"
"672","C20orf181"
"673","PPP1R10"
"674","IER5"
"675","ZAP70"
"676","PPP1R35"
"677","AC092849.2"
"678","PUS3"
"679","RAP2A"
"680","BEST3"
"681","KLF2"
"682","EGR1"
"683","SEPTIN6"
"684","SLC20A1"
"685","SVIL-AS1"
"686","PYM1"
"687","NPIPB11"
"688","BTG4"
"689","ST6GAL2"
"690","KCNK1"
"691","AL031663.3"
"692","KRTAP10-10"
"693","TMEM106B"
"694","ZNF773"
"695","FAM110A"
"696","PRODH"
"697","AMOT"
"698","TRIB3"
"699","KRT20"
"700","BBS10"
"701","PSEN1"
"702","AC015911.11"
"703","SLFN12L"
"704","NCOA4"
"705","AP003175.1"
"706","OR2AT4"
"707","MTR"
"708","AC007991.3"
"709","IDO1"
"710","ZNF684"
"711","TOMM7"
"712","MMP19"
"713","KANK1"
"714","NIN"
"715","APOL3"
"716","OR4C15"
"717","ANKRD18A"
"718","MTERF3"
"719","SGCG"
"720","MYO1G"
"721","TRIM38"
"722","SNRNP40"
"723","COL6A1"
"724","CD300A"
"725","POFUT2"
"726","KIF1BP"
"727","C2orf42"
"728","TIA1"
"729","SPCS3"
"730","SMPD3"
"731","FAIM2"
"732","RNF8"
"733","NR2C2AP"
"734","SOCS6"
"735","ACTB"
"736","AC010547.4"
"737","PARP14"
"738","SPIN3"
"739","CCR9"
"740","GCNT4"
"741","MYBPC1"
"742","DUBR"
"743","KIF4B"
"744","THEMIS"
"745","TERF2"
"746","GCNT2P1"
"747","BHLHE41"
"748","ZNF683"
"749","LMOD3"
"750","KRBA2"
"751","POU3F2"
"752","ZNF512"
"753","TEX48"
"754","SRPX"
"755","KLF17"
"756","CCL4"
"757","CARNMT1-AS1"
"758","USPL1"
"759","AC127164.1"
"760","FBXW8"
"761","TNIP3"
"762","YIPF4"
"763","BIRC6"
"764","TBP"
"765","LINC02456"
"766","IGF1"
"767","DENND4C"
"768","PHF23"
"769","MS4A14"
"770","TDRD12"
"771","C2CD2L"
"772","PLEKHF1"
"773","PTPRCAP"
"774","AP000944.5"
"775","NEMP1"
"776","MYSM1"
"777","GLCCI1"
"778","GATAD1"
"779","ADAMTS15"
"780","SAMD14"
"781","WASF1"
"782","TMEM168"
"783","ZFHX2"
"784","FAM215A"
"785","AC007993.3"
"786","MXD1"
"787","MCFD2"
"788","AC016722.2"
"789","TWIST1"
"790","GGH"
"791","FAM83C"
"792","FAM53A"
"793","AC015802.6"
"794","MIR1915HG"
"795","GPM6B"
"796","ZNF623"
"797","MB21D2"
"798","RGS3"
"799","SPC24"
"800","ZNF646"
"801","HARS2"
"802","NCOA5"
"803","ACER2"
"804","AC008750.8"
"805","PEAK3"
"806","ZNF160"
"807","TSEN2"
"808","BRI3BP"
"809","GIMAP7"
"810","P2RX7"
"811","OR6A2"
"812","SMARCAD1"
"813","UTP14C"
"814","CHCHD4"
"815","METTL7A"
"816","EEF1AKNMT"
"817","NPIPB13"
"818","NTN1"
"819","CMSS1"
"820","GATA6"
"821","CES1"
"822","LMAN1"
"823","NPNT"
"824","RAB33A"
"825","LRRIQ1"
"826","ORC4"
"827","PKD1L3"
"828","NAMPTP1"
"829","LBH"
"830","CLMP"
"831","AP000926.2"
"832","TMEM245"
"833","SERAC1"
"834","HHLA2"
"835","FANCE"
"836","SH2D2A"
"837","CADM1"
"838","PIGW"
"839","TRIM66"
"840","PYGO1"
"841","TEX50"
"842","ZNF346"
"843","VNN3"
"844","AC060814.3"
"845","ZBED2"
"846","LITAF"
"847","SYT1"
"848","AC027288.3"
"849","AR"
"850","ZNF816"
"851","AC009126.1"
"852","SCN7A"
"853","AC024598.1"
"854","ZNF365"
"855","SLCO4C1"
"856","C10orf91"
"857","WDR11"
"858","C5orf22"
"859","KLF13"
"860","GREM1"
"861","LY9"
"862","TTPAL"
"863","STARD4"
"864","CASC3"
"865","IKZF3"
"866","NXNL1"
"867","CMKLR1"
"868","BNIPL"
"869","ZNF619"
"870","PEX11B"
"871","ZFP69"
"872","TRIM2"
"873","ZPBP2"
"874","ANKRD13B"
"875","USP28"
"876","PROC"
"877","TMEM106A"
"878","RAB29"
"879","RCBTB1"
"880","HEATR1"
"881","TGFBR1"
"882","FAM135A"
"883","HLA-DQB2"
"884","MEIS3"
"885","BLOC1S4"
"886","FGB"
"887","HOPX"
"888","IL34"
"889","AC092384.1"
"890","KCTD11"
"891","AC090907.2"
"892","LRRK1"
"893","RNF182"
"894","HS6ST1"
"895","EML5"
"896","LAYN"
"897","CD2"
"898","SVIL"
"899","MCTP1"
"900","ARL9"
"901","IGFBP1"
"902","DDX21"
"903","CNPY1"
"904","CCNE2"
"905","PIKFYVE"
"906","PHRF1"
"907","PPM1K"
"908","SPDL1"
"909","TAF9B"
"910","AASS"
"911","ATXN1"
"912","KRTAP10-8"
"913","SCARB1"
"914","TXNIP"
"915","C9orf163"
"916","HMGCL"
"917","BRCA1"
"918","ANKRD20A1"
"919","IKZF1"
"920","TMEM186"
"921","CD200R1"
"922","ZFP2"
"923","GPR137B"
"924","KRT17"
"925","PRKAA1"
"926","GRIN1"
"927","SUSD4"
"928","SDR42E1"
"929","OSBPL5"
"930","TBX19"
"931","RPL34"
"932","IFI44L"
"933","MCM3"
"934","UTP25"
"935","PLXNB1"
"936","ZNF28"
"937","NCBP2L"
"938","ZNF75D"
"939","MFSD14B"
"940","CD247"
"941","TRMT13"
"942","CEMIP2"
"943","LINC02054"
"944","SLC30A1"
"945","ABCG2"
"946","ELANE"
"947","GPM6A"
"948","FCAR"
"949","OR2A4"
"950","PATE2"
"951","ZNF653"
"952","HPGD"
"953","ZZEF1"
"954","NUDCD3"
"955","TAS2R5"
"956","XAGE1B"
"957","UBE3C"
"958","MSANTD2"
"959","PTPRE"
"960","FFAR3"
"961","IL10"
"962","KLK1"
"963","GOLGA3"
"964","RGS2"
"965","EFCAB5"
"966","TMEM41B"
"967","EFR3A"
"968","CRK"
"969","ANXA3"
"970","SPAG9"
"971","TTC16"
"972","MSMO1"
"973","MECR"
"974","MFAP3"
"975","ZNF699"
"976","NGRN"
"977","SFTPA2"
"978","AC020916.1"
"979","ZDHHC11"
"980","IFNLR1"
"981","GPR171"
"982","C5AR1"
"983","GABPB2"
"984","CRPPA"
"985","AC005520.1"
"986","TPTE"
"987","AF254983.1"
"988","GLYATL2"
"989","RRP7A"
"990","BHMT2"
"991","AL512428.1"
"992","ARMH2"
"993","PLPP2"
"994","MSANTD4"
"995","ARMCX3"
"996","ARMCX3-AS1"
"997","GZMM"
"998","GJC3"
"999","LDLRAP1"
"1000","SMG1P1"
"1001","NPIPB12"
"1002","TRIM36"
"1003","GCSAM"
"1004","OBI1"
"1005","OXSR1"
"1006","LINC01521"
"1007","LAD1"
"1008","CCDC175"
"1009","TPST2"
"1010","KNG1"
"1011","AC109460.1"
"1012","SPNS1"
"1013","APOL2"
"1014","ADRB2"
"1015","HMGCS2"
"1016","ESRRA"
"1017","TMEM43"
"1018","KCNK16"
"1019","IMPA1"
"1020","LY6K"
"1021","PANK1"
"1022","RAB39B"
"1023","HAP1"
"1024","GSDMC"
"1025","GXYLT2"
"1026","RPA2"
"1027","UCP2"
"1028","PKD2"
"1029","TMPRSS9"
"1030","TTLL12"
"1031","STAT6"
"1032","SNX11"
"1033","SFXN2"
"1034","COG6"
"1035","PCSK1N"
"1036","DHX35"
"1037","GNL3L"
"1038","AC244669.2"
"1039","AC245297.1"
"1040","UBL4A"
"1041","NAA60"
"1042","RALYL"
"1043","ZNF665"
"1044","ARVCF"
"1045","CYB5B"
"1046","ZNF641"
"1047","CDH10"
"1048","APBA2"
"1049","KCNJ2"
"1050","KIF12"
"1051","FHIT"
"1052","PENK"
"1053","TMOD1"
"1054","IRF4"
"1055","FNBP4"
"1056","CASP2"
"1057","CBFB"
"1058","NFKBIA"
"1059","PPP4R3B"
"1060","ERCC4"
"1061","ARHGAP10"
"1062","NDUFA4L2"
"1063","PLPBP"
"1064","KLRF2"
"1065","THAP8"
"1066","ZNF30"
"1067","TUBG2"
"1068","SCT"
"1069","PLEKHG4"
"1070","NABP1"
"1071","IL17C"
"1072","ZNF793"
"1073","ADPRHL2"
"1074","OR5AS1"
"1075","PLAGL1"
"1076","GPR42"
"1077","AC138811.1"
"1078","PATJ"
"1079","CR381670.1"
"1080","ANKRD20A21P"
"1081","PHLDA2"
"1082","TOB2"
"1083","CTLA4"
"1084","HLA-DRA"
"1085","IL15RA"
"1086","AC008770.2"
"1087","TMTC3"
"1088","EXOC5"
"1089","ZNF695"
"1090","LMLN"
"1091","AC135893.1"
"1092","MAGI1"
"1093","GSAP"
"1094","GNPNAT1"
"1095","AL139317.3"
"1096","FBLN5"
"1097","SH3RF1"
"1098","NQO2"
"1099","ASS1"
"1100","ZNF853"
"1101","ACO1"
"1102","SLC15A4"
"1103","GAR1"
"1104","CBFA2T2"
"1105","ZSCAN12"
"1106","GOLGA8T"
"1107","HOXA10"
"1108","RORC"
"1109","TOGARAM1"
"1110","COL8A1"
"1111","LPCAT1"
"1112","FAM157C"
"1113","AC133919.2"
"1114","AL669831.1"
"1115","AC240565.2"
"1116","AC069287.3"
"1117","CSRP2"
"1118","MRRF"
"1119","ANKRD20A3"
"1120","MIER2"
"1121","PDE6C"
"1122","VPS52"
"1123","HCG25"
"1124","ZNF283"
"1125","GJB7"
"1126","IKZF2"
"1127","AC093865.1"
"1128","ZFYVE21"
"1129","PLPP3"
"1130","AC119674.2"
"1131","TPD52L1"
"1132","RNF227"
"1133","SDK2"
"1134","TRIM71"
"1135","BOK"
"1136","RBL1"
"1137","GOLGA8S"
"1138","MARVELD3"
"1139","FAM47C"
"1140","GOLPH3"
"1141","NKD1"
"1142","DLG4"
"1143","IGSF10"
"1144","FBXO8"
"1145","SASS6"
"1146","DNAH14"
"1147","ABHD4"
"1148","ZCCHC4"
"1149","PTCD2"
"1150","USP17L22"
"1151","USP17L12"
"1152","USP17L19"
"1153","HSPA1L"
"1154","ZNF823"
"1155","RIMS1"
"1156","AC009879.4"
"1157","RRS1"
"1158","C6orf163"
"1159","CELF2"
"1160","GPD1"
"1161","ITGA2"
"1162","KLHDC8B"
"1163","RNF144B"
"1164","ARHGAP20"
"1165","FAM120B"
"1166","PHLDB2"
"1167","TMEM163"
"1168","EXTL2"
"1169","SCNN1B"
"1170","AC013717.1"
"1171","OASL"
"1172","ZBP1"
"1173","PRKG2"
"1174","CORO6"
"1175","INTS3"
"1176","CASP14"
"1177","ZNF215"
"1178","ARPIN-AP3S2"
"1179","PLTP"
"1180","MRM2"
"1181","GPD1L"
"1182","ABCA2"
"1183","C2orf15"
"1184","DIXDC1"
"1185","C10orf82"
"1186","CNDP2"
"1187","PFKFB3"
"1188","UBE2Z"
"1189","MCMDC2"
"1190","KLF4"
"1191","POLA2"
"1192","TEFM"
"1193","AP002884.3"
"1194","POLDIP3"
"1195","DRC3"
"1196","RWDD2A"
"1197","ACBD5"
"1198","AL136418.1"
"1199","HEATR5A"
"1200","DCK"
"1201","ZDHHC9"
"1202","ZNRD1"
"1203","RBM4"
"1204","MCM6"
"1205","PILRB"
"1206","STAG3L5P-PVRIG2P-PILRB"
"1207","FLNA"
"1208","SLC14A1"
"1209","STX16"
"1210","SLAMF1"
"1211","PIK3R3"
"1212","AL031708.1"
"1213","CRAMP1"
"1214","ZNF248"
"1215","BMPR1A"
"1216","ARF3"
"1217","MT1X"
"1218","AC026461.1"
"1219","RFWD3"
"1220","LRRC8C-DT"
"1221","LRRC8B"
"1222","CD3E"
"1223","SLX4"
"1224","BTN3A1"
"1225","AC119403.1"
"1226","ZNF57"
"1227","TMEM140"
"1228","ABHD15"
"1229","DARS2"
"1230","TMEM181"
"1231","ZNF561-AS1"
"1232","THAP10"
"1233","RETSAT"
"1234","SLC29A2"
"1235","USP54"
"1236","PPP3CB-AS1"
"1237","ACADS"
"1238","PHOX2A"
"1239","TIGD4"
"1240","C2"
"1241","CHST2"
"1242","FUCA1"
"1243","S1PR1"
"1244","VEGFA"
"1245","DCUN1D2"
"1246","AC022382.2"
"1247","MTMR14"
"1248","AC133561.1"
"1249","OR52E1"
"1250","STXBP6"
"1251","SMCO2"
"1252","STARD8"
"1253","GLIPR1L1"
"1254","QPCT"
"1255","CAP2"
"1256","ZNF705A"
"1257","GAS7"
"1258","RFPL4A"
"1259","RBFOX3"
"1260","ITGB8"
"1261","ZNF48"
"1262","SEPTIN1"
"1263","ZNF559"
"1264","BORCS5"
"1265","ELOVL7"
"1266","ABI3"
"1267","LLGL2"
"1268","COQ9"
"1269","NLGN1"
"1270","STRIP1"
"1271","AC104850.2"
"1272","ZNF230"
"1273","CWF19L2"
"1274","UTS2B"
"1275","KIRREL2"
"1276","SLC35F3"
"1277","LIAS"
"1278","SMURF2"
"1279","ANKRD20A2"
"1280","DDO"
"1281","IDE"
"1282","ATOH8"
"1283","ARSK"
"1284","ERN1"
"1285","CROT"
"1286","PLA2G2C"
"1287","SORBS2"
"1288","SERPINB13"
"1289","ALS2"
"1290","GPR151"
"1291","AC009432.2"
"1292","MCTP2"
"1293","SUN3"
"1294","AP003733.3"
"1295","FKBP9"
"1296","GFOD2"
"1297","ZEB2"
"1298","PSMD12"
"1299","PPP1R14C"
"1300","PIAS3"
"1301","METTL3"
"1302","FGF19"
"1303","DAGLA"
"1304","RGS8"
"1305","TTLL10"
"1306","TXNDC15"
"1307","KIAA1841"
"1308","SSBP1"
"1309","ZNF266"
"1310","TLR3"
"1311","TANGO6"
"1312","FAM30A"
"1313","MALL"
"1314","RTBDN"
"1315","AC020934.1"
"1316","IP6K1"
"1317","FAM118B"
"1318","MAP3K14"
"1319","ZNF547"
"1320","CSF1R"
"1321","STX2"
"1322","AC008695.1"
"1323","TRPS1"
"1324","IRF9"
"1325","AL356512.1"
"1326","GPR37L1"
"1327","CUX1"
"1328","DIPK2A"
"1329","SLFN13"
"1330","MOSMO"
"1331","NEK9"
"1332","NUP210"
"1333","GNPDA1"
"1334","VSNL1"
"1335","ZNF416"
"1336","AC010931.2"
"1337","SCGN"
"1338","OR8B2"
"1339","ERC1"
"1340","HLTF"
"1341","ADCK1"
"1342","BAZ1A"
"1343","AP3M1"
"1344","ZNF625-ZNF20"
"1345","SZT2"
"1346","PDZD4"
"1347","ZNF610"
"1348","TMEM171"
"1349","CD3G"
"1350","TP53AIP1"
"1351","HSDL1"
"1352","PRELP"
"1353","CCDC125"
"1354","MAK"
"1355","FNIP2"
"1356","ATP8B1"
"1357","AC027097.2"
"1358","AC027097.1"
"1359","LMAN2L"
"1360","ZMPSTE24"
"1361","DDC"
"1362","AGAP4"
"1363","MS4A5"
"1364","GPR39"
"1365","ANKRD20A4"
"1366","MLANA"
"1367","SHPRH"
"1368","UNKL"
"1369","STARD7"
"1370","BPI"
"1371","TRIM64C"
"1372","NKX2-1"
"1373","TEPP"
"1374","AL031963.1"
"1375","BPHL"
"1376","CLCA4-AS1"
"1377","CLCA4"
"1378","ITGA6"
"1379","AC078883.1"
"1380","NUDT18"
"1381","TRIM17"
"1382","CES4A"
"1383","SAMD9"
"1384","RASGRP1"
"1385","DCLRE1A"
"1386","TRPM7"
"1387","FAM219A"
"1388","RPA1"
"1389","ZNF439"
"1390","CD7"
"1391","GAL"
"1392","SLC6A2"
"1393","TMEM170B"
"1394","KLHDC7B"
"1395","DENND11"
"1396","TIMM29"
"1397","AC138035.1"
"1398","PAQR7"
"1399","AL033528.2"
"1400","TAS2R20"
"1401","DECR2"
"1402","RNF5"
"1403","STK11"
"1404","SLC38A2"
"1405","LINC01711"
"1406","BORA"
"1407","IL2RA"
"1408","PHKG1"
"1409","FKBP1B"
"1410","TRMT9B"
"1411","AL445524.2"
"1412","EGLN1"
"1413","SAMD15"
"1414","LAIR1"
"1415","LIPA"
"1416","STS"
"1417","SLC9A3R1"
"1418","NKX2-2-AS1"
"1419","NKX2-2"
"1420","GOLIM4"
"1421","NCK1-DT"
"1422","SLC35G2"
"1423","PCP4"
"1424","GSR"
"1425","PLXNA4"
"1426","SETDB1"
"1427","PPFIBP2"
"1428","MYRF"
"1429","PRICKLE1"
"1430","AC079601.1"
"1431","BATF"
"1432","ROBO3"
"1433","SOX8"
"1434","AC073343.2"
"1435","SLC4A3"
"1436","HJURP"
"1437","GAN"
"1438","CD8A"
"1439","TBX21"
"1440","UTP14A"
"1441","AL034405.1"
"1442","DTD2"
"1443","CD164"
"1444","NUBPL"
"1445","SPINT4"
"1446","IQGAP1"
"1447","SOCS5"
"1448","ZNF200"
"1449","MBLAC2"
"1450","DHRS13"
"1451","FICD"
"1452","NCBP3"
"1453","MAP9"
"1454","KCNS1"
"1455","TNR"
"1456","CCDC127"
"1457","PRSS35"
"1458","ZNF624"
"1459","PEX6"
"1460","LEAP2"
"1461","AC244258.1"
"1462","ABBA01000935.2"
"1463","PRIM2"
"1464","ARHGEF5"
"1465","NOMO1"
"1466","LPCAT3"
"1467","EMG1"
"1468","E2F6"
"1469","ATF7IP2"
"1470","VPREB3"
"1471","AL049569.2"
"1472","MFAP2"
"1473","EIF2B2"
"1474","AL049780.1"
"1475","ZNF585A"
"1476","TREH"
"1477","ART3"
"1478","RUNX3"
"1479","DBP"
"1480","ZSCAN2"
"1481","AC048382.5"
"1482","AL136295.5"
"1483","ENPP1"
"1484","FKBPL"
"1485","TTC30B"
"1486","KLHL2"
"1487","CSTL1"
"1488","METTL14"
"1489","CYP51A1-AS1"
"1490","AC000120.2"
"1491","LRRD1"
"1492","EIF4E3"
"1493","AC097634.4"
"1494","SMAD9"
"1495","CDK13"
"1496","ADAT2"
"1497","CCDC15"
"1498","TMEM128"
"1499","IGHD"
"1500","AP001615.1"
"1501","RIPK4"
"1502","MAPK1IP1L"
"1503","ZNF146"
"1504","CNN2"
"1505","MRPS27"
"1506","RAB12"
"1507","ZMYM4"
"1508","C8G"
"1509","MRPL30"
"1510","LSM11"
"1511","RBM14-RBM4"
"1512","CHRFAM7A"
"1513","CHST12"
"1514","TNPO3"
"1515","ARHGEF33"
"1516","ERICH4"
"1517","OCM"
"1518","RNF41"
"1519","SPRYD3"
"1520","PLEKHA6"
"1521","ZNF101"
"1522","RBL2"
"1523","NBPF19"
"1524","NBPF20"
"1525","RNF213"
"1526","ATG9B"
"1527","FBXO30"
"1528","TRANK1"
"1529","OTX1"
"1530","LRRC3"
"1531","NXT1"
"1532","CLCN7"
"1533","ATE1"
"1534","RAB2B"
"1535","IFT80"
"1536","ARFIP1"
"1537","AC008267.8"
"1538","LINC00174"
"1539","HYKK"
"1540","AARD"
"1541","MAGI3"
"1542","KLHL28"
"1543","YPEL1"
"1544","KYNU"
"1545","TNFRSF13B"
"1546","PCMTD2"
"1547","PPP2R2B"
"1548","AC008728.1"
"1549","ASTN2"
"1550","SAMD4B"
"1551","ZNF556"
"1552","EPG5"
"1553","AC025580.1"
"1554","C15orf48"
"1555","TDRP"
"1556","ZDHHC7"
"1557","ZBTB49"
"1558","PSMC3IP"
"1559","SLC17A3"
"1560","KIR2DL4"
"1561","MAFB"
"1562","GFI1B"
"1563","KCTD5"
"1564","MINDY2"
"1565","ERAS"
"1566","SLC35G5"
"1567","MORN3"
"1568","SNRNP70"
"1569","IVD"
"1570","AC117383.1"
"1571","PXYLP1"
"1572","MR1"
"1573","GBP4"
"1574","NRXN2"
"1575","C2orf27B"
"1576","ZNF181"
"1577","CYB561D1"
"1578","FGD1"
"1579","HAPLN4"
"1580","EXO5"
"1581","MAP11"
"1582","ZNF426"
"1583","GCNA"
"1584","NBPF15"
"1585","G3BP1"
"1586","SPRED2"
"1587","CDKN2A"
"1588","HECTD4"
"1589","TVP23C-CDRT4"
"1590","CDRT4"
"1591","FUT8"
"1592","ST8SIA6"
"1593","KIAA2026"
"1594","ERI2"
"1595","SGK2"
"1596","DAZ1"
"1597","DAZ4"
"1598","SOWAHC"
"1599","P3H2"
"1600","COPS7A"
"1601","RPGRIP1L"
"1602","ALG13"
"1603","SAR1A"
"1604","KIR3DX1"
"1605","AC009412.1"
"1606","FAM220A"
"1607","LTB4R2"
"1608","PLA2G4C"
"1609","FYN"
"1610","AC138907.3"
"1611","AC138869.2"
"1612","PIGT"
"1613","HP1BP3"
"1614","NDUFB9"
"1615","TMIGD2"
"1616","SPATA46"
"1617","BTN3A3"
"1618","ZW10"
"1619","ZNF25"
"1620","LYPD6"
"1621","IFNGR1"
"1622","NDST2"
"1623","WDR82"
"1624","KRTAP10-7"
"1625","OR5M11"
"1626","AZIN1"
"1627","POLR3D"
"1628","TMEM184B"
"1629","GRIFIN"
"1630","MAGEC3"
"1631","N4BP2L1"
"1632","TTF2"
"1633","POLR3E"
"1634","AC092338.3"
"1635","CEP63"
"1636","RESF1"
"1637","ZNF792"
"1638","LMBR1"
"1639","SPAG8"
"1640","NPR2"
"1641","DSCAS"
"1642","DSC1"
"1643","CASD1"
"1644","HINFP"
"1645","GPBAR1"
"1646","MUCL1"
"1647","NPDC1"
"1648","ZNF177"
"1649","ALX3"
"1650","GTSF1"
"1651","AL078612.1"
"1652","AL035078.4"
"1653","RCN1"
"1654","KCTD20"
"1655","OTUD7B"
"1656","DENND1C"
"1657","SH3PXD2A"
"1658","ATP1A2"
"1659","GON4L"
"1660","AC034206.1"
"1661","AL162253.2"
"1662","SLC26A4"
"1663","C16orf97"
"1664","ALG1L"
"1665","TIFA"
"1666","AGAP7P"
"1667","SCNM1"
"1668","RPUSD4"
"1669","SETD4"
"1670","GOLGA8K"
"1671","AC104117.3"
"1672","GRM6"
"1673","FSD1"
"1674","E2F4"
"1675","FAM71E1"
"1676","LGALS2"
"1677","PRKCA"
"1678","MGAT1"
"1679","FREM2"
"1680","SPOP"
"1681","PCGF6"
"1682","GCKR"
"1683","NEU1"
"1684","PSTPIP2"
"1685","NAAA"
"1686","TRIM60"
"1687","ANKRD30B"
"1688","SLC4A10"
"1689","CEP250"
"1690","RGPD4"
"1691","SIGIRR"
"1692","ILF3"
"1693","CCDC62"
"1694","CD1E"
"1695","FAM114A1"
"1696","MAGEA9"
"1697","ZNF585B"
"1698","MRFAP1L1"
"1699","ESRP2"
"1700","ZFC3H1"
"1701","ARHGEF1"
"1702","SLC16A10"
"1703","SPATA13"
"1704","AL359736.1"
"1705","F12"
"1706","POLI"
"1707","MEN1"
"1708","DPH3"
"1709","NT5C1B"
"1710","AC012309.2"
"1711","ZNF239"
"1712","AC010643.1"
"1713","DKKL1"
"1714","TMEM154"
"1715","ARHGEF6"
"1716","FOXC1"
"1717","OTOF"
"1718","KLHDC9"
"1719","RRP1"
"1720","TRAFD1"
"1721","IL18RAP"
"1722","HTRA3"
"1723","ALMS1"
"1724","SHISA6"
"1725","GSTA1"
"1726","SLC16A6"
"1727","TMCO6"
"1728","TAP1"
"1729","PPM1L"
"1730","AL596223.2"
"1731","HKDC1"
"1732","NR4A1"
"1733","CNOT11"
"1734","ZNF440"
"1735","C22orf23"
"1736","RAB11FIP3"
"1737","IFT140"
"1738","KMT2C"
"1739","PLN"
"1740","IGFBP3"
"1741","AC005225.2"
"1742","KIF5C"
"1743","KPNB1"
"1744","SEMA5B"
"1745","RFESD"
"1746","SPATA9"
"1747","SMG5"
"1748","HTR6"
"1749","AL353579.1"
"1750","TMEM217"
"1751","MTERF2"
"1752","AC119427.2"
"1753","SPINK5"
"1754","RBM14"
"1755","RPL7L1"
"1756","TRIB1"
"1757","S1PR3"
"1758","ICE1"
"1759","AC092802.2"
"1760","RWDD3"
"1761","NET1"
"1762","GFOD1"
"1763","HDHD3"
"1764","DBT"
"1765","DNAAF2"
"1766","PKIB"
"1767","AL512283.3"
"1768","SLC29A1"
"1769","SYN1"
"1770","FAM86C1"
"1771","JUNB"
"1772","CDK2AP2"
"1773","ACTR3B"
"1774","CAMK1"
"1775","SNUPN"
"1776","NIP7"
"1777","HES6"
"1778","OLFM2"
"1779","CCNO"
"1780","EARS2"
"1781","WDR20"
"1782","ABLIM1"
"1783","CDKL2"
"1784","EED"
"1785","SLC39A14"
"1786","CTDSPL2"
"1787","OLFM1"
"1788","AP001042.1"
"1789","ETS2"
"1790","TRIM42"
"1791","OR2T4"
"1792","ZAN"
"1793","KRT73-AS1"
"1794","KRT73"
"1795","MAL2-AS1"
"1796","MAL2"
"1797","CENPQ"
"1798","ARSD"
"1799","SLC16A3"
"1800","HDX"
"1801","POMT1"
"1802","ZNF410"
"1803","TTC41P"
"1804","FAM156B"
"1805","FAM156A"
"1806","LAMP3"
"1807","BCL10"
"1808","GINS3"
"1809","ADAT1"
"1810","TTC22"
"1811","GSK3B"
"1812","AC053513.1"
"1813","C2CD5"
"1814","FAHD2CP"
"1815","GPAT2"
"1816","RGS4"
"1817","SHOC1"
"1818","ARHGAP32"
"1819","PRMT2"
"1820","SCAND1"
"1821","CDK8"
"1822","TGDS"
"1823","C1QB"
"1824","MAS1"
"1825","CP"
"1826","HPS3"
"1827","ANGPTL6"
"1828","METRN"
"1829","C1orf143"
"1830","PUS1"
"1831","GOLGA8O"
"1832","AKR1C1"
"1833","ELL"
"1834","SENP8"
"1835","EFNA5"
"1836","CTBP2"
"1837","MFSD8"
"1838","SCAF8"
"1839","CANT1"
"1840","KLKB1"
"1841","H2BFWT"
"1842","C8orf17"
"1843","SUCNR1"
"1844","CSNK1G2"
"1845","IPO7"
"1846","KIF21B"
"1847","CCDC137"
"1848","IL17RB"
"1849","NHLRC2"
"1850","PHTF2"
"1851","C12orf4"
"1852","OR10A2"
"1853","APEX1"
"1854","DYNC1I1"
"1855","AC079341.1"
"1856","RBM5"
"1857","AC097641.1"
"1858","SSTR2"
"1859","DDX60"
"1860","PPP4C"
"1861","PHF12"
"1862","ANKHD1"
"1863","SPATA31A6"
"1864","TAS2R19"
"1865","CHMP7"
"1866","TAF5"
"1867","MORF4L1"
"1868","SLAIN1"
"1869","SLC2A3"
"1870","PIGB"
"1871","TMEM39B"
"1872","GTF2IRD2B"
"1873","MYO7A"
"1874","TNFRSF11B"
"1875","GMNN"
"1876","LTBP2"
"1877","ZNF428"
"1878","GBP1"
"1879","TRBV7-7"
"1880","WDR37"
"1881","AL133353.2"
"1882","SURF6"
"1883","PRMT3"
"1884","KPNA1"
"1885","AC083798.2"
"1886","EPS15"
"1887","GRHPR"
"1888","NHEJ1"
"1889","GBP2"
"1890","MTF1"
"1891","DSN1"
"1892","GSG1"
"1893","BANK1"
"1894","HELB"
"1895","SLC35F5"
"1896","ADRA2B"
"1897","LRRN4"
"1898","MPHOSPH8"
"1899","ELMOD3"
"1900","PBX2"
"1901","RAD21L1"
"1902","TGFB2"
"1903","MMD"
"1904","P2RY2"
"1905","ADGRG1"
"1906","CCDC71"
"1907","IPMK"
"1908","C19orf12"
"1909","ZNF781"
"1910","GGA3"
"1911","AIF1L"
"1912","PSKH2"
"1913","TMEM266"
"1914","PDGFC"
"1915","HDAC1"
"1916","PPP1R1C"
"1917","MORC2-AS1"
"1918","MORC2"
"1919","LRP11"
"1920","C1orf87"
"1921","ZKSCAN2"
"1922","TRIM32"
"1923","AGL"
"1924","BHLHA9"
"1925","DOK2"
"1926","HOXB6"
"1927","LEXM"
"1928","MOK"
"1929","AP1AR"
"1930","SHD"
"1931","CYP26A1"
"1932","CCDC153"
"1933","PICALM"
"1934","LINC00683"
"1935","C15orf65"
"1936","DHRS1"
"1937","AL096870.8"
"1938","CWC25"
"1939","DEF6"
"1940","PCCA"
"1941","CTNS"
"1942","MKS1"
"1943","PROCR"
"1944","LMO7DN"
"1945","TBC1D32"
"1946","ST6GALNAC3"
"1947","ELP1"
"1948","TTBK2"
"1949","MRPL17"
"1950","ANGPTL7"
"1951","KLLN"
"1952","TAF1"
"1953","R3HDM2"
"1954","FN3KRP"
"1955","ZNF565"
"1956","H1F0"
"1957","C12orf56"
"1958","AC012158.1"
"1959","NVL"
"1960","ZNF592"
"1961","SP3"
"1962","PGBD4"
"1963","PPEF2"
"1964","CUTC"
"1965","BECN1"
"1966","TMEM203"
"1967","DTWD2"
"1968","TCEANC2"
"1969","C5orf51"
"1970","ARGLU1"
"1971","TRIM23"
"1972","PFDN4"
"1973","VPS41"
"1974","TRO"
"1975","RAP2B"
"1976","ACMSD"
"1977","CCNT2-AS1"
"1978","MAPRE2"
"1979","NDC1"
"1980","CAPN11"
"1981","PLEKHA2"
"1982","GREB1"
"1983","MON2"
"1984","AL035458.2"
"1985","ASIP"
"1986","TP53I3"
"1987","MRPS18B"
"1988","BBS2"
"1989","BTAF1"
"1990","FAM110C"
"1991","GPR82"
"1992","GNAS"
"1993","GDI1"
"1994","ZNF302"
"1995","AP4E1"
"1996","CIB2"
"1997","EPM2A"
"1998","FAM120AOS"
"1999","NEFH"
"2000","IARS"
"2001","ATL3"
"2002","CEP126"
"2003","OR1I1"
"2004","SLC3A1"
"2005","PIK3C2A"
"2006","OTX2"
"2007","TTC26"
"2008","ZNF141"
"2009","AC011477.7"
"2010","C12orf65"
"2011","UPK3BL1"
"2012","MAP3K20-AS1"
"2013","IL27RA"
"2014","FAM204A"
"2015","LAPTM4B"
"2016","NRP1"
"2017","ARL6IP1"
"2018","PHOSPHO1"
"2019","SHLD2"
"2020","SYNGR4"
"2021","ANKIB1"
"2022","SETD5"
"2023","GGCX"
"2024","TRIM65"
"2025","SEPTIN8"
"2026","AC116353.5"
"2027","SLC35A4"
"2028","STX1B"
"2029","RAP1B"
"2030","DNAH6"
"2031","SLC39A10"
"2032","SMU1"
"2033","SLC25A29"
"2034","AL157871.1"
"2035","GDI2"
"2036","ORAI1"
"2037","SLC25A43"
"2038","PREP"
"2039","DNTT"
"2040","OR14C36"
"2041","PDHB"
"2042","CETN3"
"2043","BTN3A2"
"2044","PROB1"
"2045","GTF2H1"
"2046","PAX7"
"2047","ATOH7"
"2048","AC015795.1"
"2049","FAM117A"
"2050","AC087521.2"
"2051","HSD17B12"
"2052","FHL1"
"2053","HDAC9"
"2054","RBM43"
"2055","RGS7"
"2056","KRTAP19-7"
"2057","CNTNAP3"
"2058","PDCD7"
"2059","KIF1C"
"2060","SERPINB8"
"2061","LRP5"
"2062","APOA2"
"2063","RWDD1"
"2064","XKR6"
"2065","ZCCHC9"
"2066","SMIM3"
"2067","EPM2AIP1"
"2068","SMIM7"
"2069","ZNF19"
"2070","ZNF286B"
"2071","NAPEPLD"
"2072","SLC2A1"
"2073","ADNP"
"2074","CBWD6"
"2075","H3F3B"
"2076","ZNF816-ZNF321P"
"2077","FAM78B"
"2078","TPST1"
"2079","SAMD5"
"2080","PIP5K1A"
"2081","POLE"
"2082","ZNF778"
"2083","PIDD1"
"2084","PLXNB2"
"2085","SLC39A5"
"2086","LMLN2"
"2087","TMEM108"
"2088","TGFBR2"
"2089","IFT22"
"2090","AC073655.2"
"2091","OR2S1P"
"2092","ASB9"
"2093","IGSF9B"
"2094","ZNF451-AS1"
"2095","ZNF451"
"2096","SMR3A"
"2097","PODXL"
"2098","LARS2"
"2099","DZIP1L"
"2100","AC122707.1"
"2101","RINL"
"2102","RAB7A"
"2103","CUL1"
"2104","SMIM8"
"2105","ANKRD24"
"2106","GALNT6"
"2107","NUP58"
"2108","AC091551.1"
"2109","ELAC1"
"2110","MAX"
"2111","OSBPL6"
"2112","CASP3"
"2113","PTBP3"
"2114","POLR1C"
"2115","C1QA"
"2116","EXOSC2"
"2117","GDAP1"
"2118","LTN1"
"2119","GOLGA8R"
"2120","SCN4A"
"2121","MTAP"
"2122","FAM110D"
"2123","ING4"
"2124","CLK2"
"2125","AC104129.1"
"2126","AC008982.1"
"2127","SVOPL"
"2128","KIAA0753"
"2129","PLPP1"
"2130","NBEAL1"
"2131","ASPH"
"2132","DENND5A"
"2133","SLU7"
"2134","KCNJ16"
"2135","VPS50"
"2136","SLC43A3"
"2137","MKRN2"
"2138","RAB40C"
"2139","GRM1"
"2140","GJA10"
"2141","CAPS2"
"2142","AC068547.1"
"2143","ARPC1A"
"2144","ALDH3B1"
"2145","AC010273.2"
"2146","SLC30A5"
"2147","SPDYE5"
"2148","WASF2"
"2149","WFIKKN1"
"2150","MDN1"
"2151","FAM199X"
"2152","HEATR3"
"2153","PNPT1"
"2154","CHSY1"
"2155","CYREN"
"2156","ZNF569"
"2157","OPN1MW"
"2158","UBE2QL1"
"2159","SCAMP5"
"2160","AC011466.1"
"2161","CARD8"
"2162","LMO7"
"2163","ZKSCAN3"
"2164","HENMT1"
"2165","BLNK"
"2166","TBC1D3H"
"2167","CIART"
"2168","CAMSAP2"
"2169","SEC16A"
"2170","BCR"
"2171","BDNF-AS"
"2172","BDNF"
"2173","AC007098.1"
"2174","EHBP1"
"2175","TNFRSF1B"
"2176","SEC61G"
"2177","TTC24"
"2178","CNNM3"
"2179","CENPW"
"2180","ADK"
"2181","SMG1"
"2182","TYMP"
"2183","KCNMB2"
"2184","KCNMB2-AS1"
"2185","AC117457.1"
"2186","KLHL9"
"2187","MACC1"
"2188","KIF16B"
"2189","NPC1"
"2190","RNF212"
"2191","IFI16"
"2192","AC002463.1"
"2193","TIAM2"
"2194","AL596202.1"
"2195","SRP68"
"2196","KLHDC1"
"2197","SNAPC5"
"2198","ZNF350-AS1"
"2199","KIAA1958"
"2200","FAM78A"
"2201","RTCB"
"2202","GPR161"
"2203","ZSCAN32"
"2204","TUBD1"
"2205","C6orf47"
"2206","C6orf47-AS1"
"2207","EVI5L"
"2208","SPRY4"
"2209","GAPVD1"
"2210","AC022101.1"
"2211","SNCAIP"
"2212","XAF1"
"2213","FEZF1-AS1"
"2214","FEZF1"
"2215","HIST1H4H"
"2216","CENPI"
"2217","FCRL2"
"2218","PAFAH2"
"2219","SPI1"
"2220","POMK"
"2221","TOR1B"
"2222","NFATC3"
"2223","GRK4"
"2224","FABP5"
"2225","DCAF10"
"2226","C6orf62"
"2227","AC060234.2"
"2228","PANK2"
"2229","OR7G2"
"2230","CCDC170"
"2231","ZFP82"
"2232","AL049651.2"
"2233","SSTR4"
"2234","RELCH"
"2235","AP003068.2"
"2236","RHOD"
"2237","MYOZ3"
"2238","MYCBPAP"
"2239","AC021491.2"
"2240","DFFA"
"2241","ATP2B4"
"2242","AC048382.2"
"2243","IFNAR2"
"2244","TRAV9-2"
"2245","CRNKL1"
"2246","MIGA1"
"2247","EXOC4"
"2248","SIGLEC1"
"2249","RNASE3"
"2250","KLHL31"
"2251","GOLGA8M"
"2252","FOSL2"
"2253","PLEKHG3"
"2254","DNAL4"
"2255","GCNT1"
"2256","FOXN3"
"2257","FMNL1"
"2258","AC008105.2"
"2259","SECTM1"
"2260","MFSD2B"
"2261","MTG1"
"2262","TNKS1BP1"
"2263","TMEM135"
"2264","TRIB2"
"2265","ROR1-AS1"
"2266","ROR1"
"2267","MAFF"
"2268","LZTFL1"
"2269","EAPP"
"2270","RABL3"
"2271","AC013489.1"
"2272","RAD51AP1"
"2273","RAB11FIP2"
"2274","CLDN20"
"2275","STK31"
"2276","RAB40B"
"2277","PLAT"
"2278","JMJD6"
"2279","DEGS1"
"2280","TEX2"
"2281","EBP"
"2282","AF196969.1"
"2283","JARID2"
"2284","AC008894.3"
"2285","TPM4"
"2286","APH1B"
"2287","VPS13B"
"2288","ZNF397"
"2289","TP53TG3F"
"2290","AC141257.2"
"2291","TP53TG3E"
"2292","TP53TG3"
"2293","TP53TG3B"
"2294","SLC4A4"
"2295","AL121845.2"
"2296","DAZAP1"
"2297","MYO1F"
"2298","ZFP30"
"2299","IGF2R"
"2300","RECQL"
"2301","CDK4"
"2302","FAM234B"
"2303","BCO2"
"2304","PAPSS2"
"2305","NT5C2"
"2306","MINDY4B"
"2307","OR2W3"
"2308","ZNF598"
"2309","ATP10D"
"2310","FNDC4"
"2311","NAA16"
"2312","ZNF552"
"2313","ACTR3C"
"2314","TMEM211"
"2315","HOXD13"
"2316","AC006329.1"
"2317","AKAP6"
"2318","KRI1"
"2319","IPCEF1"
"2320","AC018521.4"
"2321","CDK5RAP3"
"2322","CRLF2"
"2323","POGK"
"2324","METTL18"
"2325","TIMM21"
"2326","ACY3"
"2327","COL8A2"
"2328","HTR4"
"2329","SLC33A1"
"2330","KLK5"
"2331","NOM1"
"2332","CCND3"
"2333","FAM163A"
"2334","RBFOX2"
"2335","EDNRB"
"2336","TSR1"
"2337","AC007092.1"
"2338","LINC01122"
"2339","REL"
"2340","CD86"
"2341","TADA2A"
"2342","MGME1"
"2343","BOLA1"
"2344","CCDC102A"
"2345","KIDINS220"
"2346","KCND3"
"2347","AC007285.1"
"2348","FKBP14"
"2349","SYNE2"
"2350","TCEAL5"
"2351","FANCF"
"2352","ZNF140"
"2353","SMG8"
"2354","SYTL1"
"2355","SFT2D3"
"2356","MAN1C1"
"2357","SOGA3"
"2358","HOXD1"
"2359","HACL1"
"2360","COPA"
"2361","CAVIN3"
"2362","APOBEC3C"
"2363","GGT6"
"2364","PLEK"
"2365","N4BP2L2"
"2366","NTSR1"
"2367","PMM2"
"2368","RABGEF1"
"2369","SERINC1"
"2370","TMPRSS13"
"2371","RHPN2"
"2372","SMG1P6"
"2373","MRVI1"
"2374","AC117498.1"
"2375","ADCY6"
"2376","HTD2"
"2377","RPP14"
"2378","OFCC1"
"2379","SEC24C"
"2380","SALL3"
"2381","NSF"
"2382","GTF2E1"
"2383","AL109811.3"
"2384","ZBTB42"
"2385","IL1RL1"
"2386","LUC7L3"
"2387","CD164L2"
"2388","DNLZ"
"2389","PPIG"
"2390","CYP1A1"
"2391","TRMT2B"
"2392","COA6"
"2393","AC022215.2"
"2394","REEP4"
"2395","PPP1R15B"
"2396","AC010307.2"
"2397","FSTL4"
"2398","FAM162A"
"2399","SOBP"
"2400","TPH1"
"2401","PRDM8"
"2402","FAM170B"
"2403","FAM170B-AS1"
"2404","ARFGAP1"
"2405","MARCH2"
"2406","AC092979.1"
"2407","NFKBID"
"2408","SGMS2"
"2409","CNOT4"
"2410","ANLN"
"2411","PRSS23"
"2412","SLC2A11"
"2413","BMP8B"
"2414","TTC9"
"2415","OGFOD1"
"2416","LGALS14"
"2417","WDR76"
"2418","AC009403.2"
"2419","AC091304.1"
"2420","GOLGA8Q"
"2421","ARL4C"
"2422","PRSS27"
"2423","FOXJ2"
"2424","ADO"
"2425","CD96"
"2426","PAXBP1-AS1"
"2427","PAXBP1"
"2428","ITPRID1"
"2429","TIMP1"
"2430","OR13J1"
"2431","ZNF589"
"2432","LCN2"
"2433","NUPR1"
"2434","CORO1A"
"2435","C9orf106"
"2436","ARHGAP27"
"2437","AC243919.2"
"2438","NCKAP1L"
"2439","GPR52"
"2440","HOXA6"
"2441","C9orf147"
"2442","PPP2R5C"
"2443","C2orf27A"
"2444","ZNF195"
"2445","LANCL3"
"2446","SMG1P7"
"2447","SMG1P3"
"2448","SMG1P4"
"2449","SETDB2"
"2450","DSG3"
"2451","AC241377.2"
"2452","CELSR3"
"2453","ASH2L"
"2454","TMEM86A"
"2455","KLHL18"
"2456","ICK"
"2457","PWP2"
"2458","FP565260.1"
"2459","SLC36A2"
"2460","PIK3R5"
"2461","CARF"
"2462","SLC2A8"
"2463","PPP1R17"
"2464","TUBGCP3"
"2465","SMIM10L1"
"2466","FO681492.1"
"2467","SYT15"
"2468","AL356056.2"
"2469","SEPTIN3"
"2470","MTRNR2L8"
"2471","CCER2"
"2472","MKRN3"
"2473","ELMSAN1"
"2474","LEFTY1"
"2475","TLCD4"
"2476","LY6E"
"2477","SLC4A5"
"2478","AL133227.1"
"2479","ELMO2"
"2480","MIB1"
"2481","CTCF"
"2482","PRXL2A"
"2483","TBC1D3D"
"2484","TBC1D3"
"2485","TBC1D3C"
"2486","MEGF8"
"2487","SFTPB"
"2488","AC091060.1"
"2489","C18orf21"
"2490","ZNF180"
"2491","LELP1"
"2492","MIS12"
"2493","HORMAD1"
"2494","DDHD1"
"2495","LRRFIP2"
"2496","TMX1"
"2497","MAP3K7CL"
"2498","SHCBP1"
"2499","ZSWIM1"
"2500","TRIT1"
"2501","BICRAL"
"2502","AC063944.1"
"2503","CCDC54"
"2504","IQCK"
"2505","FO082796.2"
"2506","AL672310.1"
"2507","FBXL2"
"2508","MOB3C"
"2509","FAM217B"
"2510","GPR26"
"2511","TYSND1"
"2512","ZNF785"
"2513","AC002310.2"
"2514","RASL11A"
"2515","RAVER2"
"2516","LYN"
"2517","MAD2L1"
"2518","RYBP"
"2519","SLC19A1"
"2520","ZFP69B"
"2521","USP9X"
"2522","DGLUCY"
"2523","OSGEPL1"
"2524","TPRG1L"
"2525","ATF1"
"2526","TRBV29-1"
"2527","ZNF584"
"2528","CXXC1"
"2529","NAPB"
"2530","HSPB2"
"2531","TMEM63A"
"2532","AP000892.4"
"2533","PCSK7"
"2534","TMEM51"
"2535","KHDRBS1"
"2536","EXOSC4"
"2537","TMEM204"
"2538","CSTF1"
"2539","POLH"
"2540","ABHD12B"
"2541","DOHH"
"2542","SLC25A15"
"2543","TLE5"
"2544","MAF"
"2545","PRR3"
"2546","NUP62CL"
"2547","ARG1"
"2548","SCGB1C1"
"2549","CENPU"
"2550","CBLN1"
"2551","UBE2J1"
"2552","CES2"
"2553","AC009084.1"
"2554","PPTC7"
"2555","ACSM1"
"2556","NME6"
"2557","TRMU"
"2558","FBXO6"
"2559","MRAP2"
"2560","RBBP4"
"2561","GSK3A"
"2562","LIN7C"
"2563","SLC25A22"
"2564","RBMS1"
"2565","AL732372.2"
"2566","DSP"
"2567","CHIA"
"2568","AL356387.1"
"2569","GPATCH3"
"2570","TCF25"
"2571","WFDC3"
"2572","DPYSL4"
"2573","URB2"
"2574","PGAM5"
"2575","SH3RF2"
"2576","ADA"
"2577","PNOC"
"2578","PROCA1"
"2579","CELA3A"
"2580","CHRNG"
"2581","CBX8"
"2582","FOCAD"
"2583","AP005436.2"
"2584","RAB38"
"2585","ZNF234"
"2586","LUC7L2"
"2587","FMC1-LUC7L2"
"2588","CLUAP1"
"2589","C1orf56"
"2590","STT3A"
"2591","ATXN3"
"2592","RPS6KA3"
"2593","TBXA2R"
"2594","RPTOR"
"2595","SAPCD1"
"2596","AP1B1"
"2597","CABP1"
"2598","TAF4"
"2599","AC117528.1"
"2600","KIAA0825"
"2601","UGT2A3"
"2602","APPBP2"
"2603","EFCAB14"
"2604","EFCAB14-AS1"
"2605","TBXT"
"2606","TMEM101"
"2607","METAP1"
"2608","TMEM138"
"2609","XYLT1"
"2610","ALG14"
"2611","ZNF470"
"2612","AC005786.3"
"2613","ATG9A"
"2614","SLC25A38"
"2615","CENPL"
"2616","NOMO2"
"2617","HLX"
"2618","ZNF320"
"2619","FAM167A"
"2620","FAM167A-AS1"
"2621","DEAF1"
"2622","TMEM80"
"2623","PAPOLG"
"2624","RHD"
"2625","AC073343.1"
"2626","DDX23"
"2627","NUDT10"
"2628","AC233976.1"
"2629","PTPN13"
"2630","NCOA2"
"2631","EFNA3"
"2632","MOV10"
"2633","AC064807.1"
"2634","SNU13"
"2635","REEP1"
"2636","CCDC28A"
"2637","THY1"
"2638","USP2-AS1"
"2639","ZFAND4"
"2640","VN1R1"
"2641","DDX60L"
"2642","RAB24"
"2643","PCDHB17P"
"2644","PITPNB"
"2645","KIF1A"
"2646","PPAN-P2RY11"
"2647","PPAN"
"2648","MAGEB17"
"2649","NLRP7"
"2650","SLC5A11"
"2651","SCIN"
"2652","ADGRE1"
"2653","NSUN6"
"2654","HSPA2"
"2655","HHEX"
"2656","ARMH1"
"2657","DIAPH1"
"2658","PTPN22"
"2659","AL137856.1"
"2660","FXN"
"2661","BANP"
"2662","ERLIN1"
"2663","PCGF3"
"2664","PRDM5"
"2665","BPIFB1"
"2666","BDP1"
"2667","SCYL2"
"2668","BCL2"
"2669","CCDC174"
"2670","ANGPT2"
"2671","HERC6"
"2672","AL356599.1"
"2673","IL33"
"2674","TMCO3"
"2675","ECEL1"
"2676","AC055855.1"
"2677","DIS3L"
"2678","RFFL"
"2679","TMEM35B"
"2680","MTO1"
"2681","BAP1"
"2682","RYR1"
"2683","ZNF286A"
"2684","ZNF606"
"2685","EXOSC3"
"2686","KCNJ10"
"2687","CMTM3"
"2688","AL035416.1"
"2689","FGGY"
"2690","RCAN2"
"2691","SFTA3"
"2692","AC073612.1"
"2693","THAP2"
"2694","SCARF1"
"2695","GLUD1"
"2696","BDKRB1"
"2697","AL355102.4"
"2698","MOB3B"
"2699","TEX52"
"2700","APOL1"
"2701","FAM49A"
"2702","AC104623.1"
"2703","HRG"
"2704","PINK1"
"2705","PINK1-AS"
"2706","ME2"
"2707","CELF1"
"2708","FAM131B"
"2709","EFS"
"2710","RTL10"
"2711","HTR7"
"2712","PRR14"
"2713","HECTD2"
"2714","MRPL18"
"2715","SLC38A1"
"2716","C17orf53"
"2717","GAREM1"
"2718","LNPEP"
"2719","UBP1"
"2720","GTPBP2"
"2721","FAM8A1"
"2722","SLAMF7"
"2723","AL022318.4"
"2724","AC022150.1"
"2725","ZNF701"
"2726","SCAF11"
"2727","CWC27"
"2728","BOD1L1"
"2729","TRRAP"
"2730","NRBF2"
"2731","ADSSL1"
"2732","DCST1"
"2733","ZNF446"
"2734","EAF1"
"2735","UNG"
"2736","KCNQ1"
"2737","RPL28"
"2738","KCNA1"
"2739","AC005906.2"
"2740","KLRC4-KLRK1"
"2741","KEAP1"
"2742","RFPL2"
"2743","HIST2H2BF"
"2744","MED15"
"2745","CSTF2"
"2746","CUEDC1"
"2747","AC106886.4"
"2748","RNF40"
"2749","LFNG"
"2750","ESR1"
"2751","SLC39A2"
"2752","ANKRD44"
"2753","RHCG"
"2754","SPINK6"
"2755","CELF5"
"2756","RNF31"
"2757","SIGLEC12"
"2758","GEMIN4"
"2759","ARMC6"
"2760","AL021997.3"
"2761","ZSCAN26"
"2762","DAAM1"
"2763","SMG9"
"2764","ATAD2B"
"2765","EOGT"
"2766","KRTAP10-5"
"2767","KXD1"
"2768","RWDD2B"
"2769","ARL16"
"2770","AL355877.3"
"2771","AL355877.1"
"2772","AC008267.3"
"2773","AC006001.3"
"2774","SHQ1"
"2775","MCM8"
"2776","MCM8-AS1"
"2777","MAP2K4"
"2778","APOBEC3D"
"2779","AC113554.1"
"2780","ACE"
"2781","DYRK1B"
"2782","TSPAN33"
"2783","KCNN4"
"2784","NPIPB5"
"2785","FOXO1"
"2786","TVP23B"
"2787","TNFAIP2"
"2788","CYP4F22"
"2789","HMG20A"
"2790","KIF21A"
"2791","TRAF5"
"2792","FAM76B"
"2793","AC245748.2"
"2794","ZNF229"
"2795","ZC2HC1A"
"2796","YEATS2"
"2797","PKP4"
"2798","PKP4-AS1"
"2799","E2F3"
"2800","PSG1"
"2801","KCTD9"
"2802","GRWD1"
"2803","GRIK1"
"2804","CHAF1B"
"2805","SCART1"
"2806","MCOLN2"
"2807","NR1I2"
"2808","SLC9A5"
"2809","AC024270.4"
"2810","AC024270.2"
"2811","BTBD1"
"2812","PTGER3"
"2813","CRYM"
"2814","CD27-AS1"
"2815","CD27"
"2816","PALLD"
"2817","FKBP1A"
"2818","EPS8L2"
"2819","PDXP"
"2820","AC019171.1"
"2821","UPF1"
"2822","TG"
"2823","THNSL1"
"2824","MYH7"
"2825","MYH6"
"2826","FAAH"
"2827","TIAF1"
"2828","AMBRA1"
"2829","AGAP6"
"2830","AL442003.1"
"2831","THAP6"
"2832","UBE2F-SCLY"
"2833","SCLY"
"2834","PDE6B"
"2835","KRT8"
"2836","TAS2R39"
"2837","HIST2H4A"
"2838","AC012309.1"
"2839","CFAP44"
"2840","PDIK1L"
"2841","TUBA4A"
"2842","TAPT1"
"2843","PRPF38A"
"2844","ATP11AUN"
"2845","AC073548.1"
"2846","NAPA"
"2847","NAPA-AS1"
"2848","HSD17B4"
"2849","DUSP14"
"2850","ANKZF1"
"2851","ATN1"
"2852","CAB39"
"2853","SHISA3"
"2854","PPP2R3A"
"2855","AC015871.1"
"2856","LINC01550"
"2857","RBPMS2"
"2858","AGAP9"
"2859","NLRP9"
"2860","OR2T8"
"2861","SPNS2"
"2862","ATP2A2"
"2863","GPR132"
"2864","ZNF549"
"2865","CIR1"
"2866","CELF4"
"2867","SMR3B"
"2868","RIBC1"
"2869","FAM98C"
"2870","LETMD1"
"2871","RCVRN"
"2872","RUNX2"
"2873","C12orf75"
"2874","WDR86"
"2875","LRP6"
"2876","SLC10A1"
"2877","YIPF6"
"2878","GPATCH2L"
"2879","HERC1"
"2880","ADAR"
"2881","TRPC4AP"
"2882","TFR2"
"2883","USP40"
"2884","AP000679.1"
"2885","ZNF345"
"2886","CDH24"
"2887","DGKZ"
"2888","RHBDF1"
"2889","AC093827.5"
"2890","C4orf36"
"2891","RGS16"
"2892","ZNF471"
"2893","CHRNB3"
"2894","ZDHHC21"
"2895","BICD1"
"2896","TBC1D10C"
"2897","NAT1"
"2898","RPRD1B"
"2899","DRAP1"
"2900","TRIM16L"
"2901","TCF12"
"2902","CCDC50"
"2903","AL356124.1"
"2904","LAMA2"
"2905","AARS2"
"2906","ISM1"
"2907","SMPD1"
"2908","SLC2A6"
"2909","STK26"
"2910","UBXN6"
"2911","AC002116.2"
"2912","ZNF846"
"2913","CRISP3"
"2914","CLDN11"
"2915","SLC6A12"
"2916","ERBB2"
"2917","ZNF143"
"2918","DPEP2"
"2919","C14orf28"
"2920","AL049870.3"
"2921","GABRA6"
"2922","ZNF675"
"2923","YOD1"
"2924","GPRC5B"
"2925","SERPINE2"
"2926","PLCE1"
"2927","LILRB1-AS1"
"2928","WDR7"
"2929","MAEL"
"2930","AC109460.3"
"2931","ZSWIM5"
"2932","WRNIP1"
"2933","PCGF2"
"2934","TLE3"
"2935","C12orf76"
"2936","EIF2B5"
"2937","RNF20"
"2938","SNTB2"
"2939","XXYLT1"
"2940","STRADB"
"2941","ASCC1"
"2942","UCN3"
"2943","TRIM11"
"2944","GNPTAB"
"2945","MRGPRX1"
"2946","TMEM192"
"2947","TIMD4"
"2948","AC009292.2"
"2949","SKOR1"
"2950","PPL"
"2951","RRN3"
"2952","SHANK3"
"2953","FRY"
"2954","SCUBE3"
"2955","STX12"
"2956","AC004951.4"
"2957","RIC8B"
"2958","TCERG1"
"2959","UCN"
"2960","SKI"
"2961","POU2AF1"
"2962","AP002008.2"
"2963","AP000974.1"
"2964","IL1RN"
"2965","C7orf31"
"2966","TAPT1-AS1"
"2967","RPEL1"
"2968","ZNF189"
"2969","DERL3"
"2970","SEC14L2"
"2971","NPIPB10P"
"2972","QKI"
"2973","DPEP2NB"
"2974","TRIM68"
"2975","PRR14L"
"2976","SPG7"
"2977","PFN3"
"2978","BTRC"
"2979","CASC4"
"2980","ISLR"
"2981","AC010931.3"
"2982","ZG16"
"2983","PABPC1"
"2984","PGM5"
"2985","PITX1"
"2986","IPO9"
"2987","PEAK1"
"2988","MMP8"
"2989","TLE2"
"2990","B4GALT6"
"2991","REXO5"
"2992","DIRAS2"
"2993","DCUN1D4"
"2994","SIN3B"
"2995","RAET1L"
"2996","HOXB-AS1"
"2997","PPIP5K1"
"2998","VOPP1"
"2999","SEMA4D"
"3000","TBC1D3G"
"3001","TBC1D3B"
"3002","WBP1"
"3003","ZNF707"
"3004","LDLRAD4"
"3005","SNAP23"
"3006","AC018362.3"
"3007","BASP1"
"3008","NKX1-1"
"3009","RTL8C"
"3010","PHF20"
"3011","CHMP6"
"3012","FBXO33"
"3013","AL590556.3"
"3014","PTPN18"
"3015","AC115618.1"
"3016","SLN"
"3017","LNP1"
"3018","EZH1"
"3019","TAFA2"
"3020","PTH2R"
"3021","AC019185.2"
"3022","DPY19L3"
"3023","USP41"
"3024","AC073111.3"
"3025","AC016705.2"
"3026","AC107081.2"
"3027","CCT4"
"3028","ATG16L1"
"3029","CD2BP2"
"3030","TTN-AS1"
"3031","TMEM65"
"3032","MBOAT1"
"3033","DNAJA2"
"3034","EME1"
"3035","SPHK2"
"3036","AC068946.1"
"3037","ACCS"
"3038","NLRC3"
"3039","GEM"
"3040","UQCR11"
"3041","AC046143.1"
"3042","LSG1"
"3043","FAM104A"
"3044","ZNF865"
"3045","MRC1"
"3046","HSCB"
"3047","BBS7"
"3048","CNEP1R1"
"3049","MT3"
"3050","IFI35"
"3051","NKX2-5"
"3052","CIAPIN1"
"3053","TYW1"
"3054","PPIL2"
"3055","TJP3"
"3056","B4GALT2"
"3057","RBCK1"
"3058","DNASE2"
"3059","CAND1"
"3060","AC010997.3"
"3061","ZNF503"
"3062","PUM2"
"3063","HGH1"
"3064","HSPB2-C11orf52"
"3065","PODXL2"
"3066","COA4"
"3067","TMEM151A"
"3068","AMIGO1"
"3069","NSUN5"
"3070","CHORDC1"
"3071","SOCS2"
"3072","HESX1"
"3073","OTP"
"3074","CLEC4C"
"3075","TMX2"
"3076","EMC2"
"3077","GPANK1"
"3078","AC096564.1"
"3079","BSN"
"3080","XIRP1"
"3081","LIME1"
"3082","LRIG1"
"3083","TRMT10A"
"3084","EGR3"
"3085","AC055854.1"
"3086","ASF1A"
"3087","C11orf21"
"3088","ADGRG4"
"3089","DAO"
"3090","ELP3"
"3091","GLOD5"
"3092","ZNF235"
"3093","CDKAL1"
"3094","TRIR"
"3095","ARSJ"
"3096","AC021733.4"
"3097","CCN3"
"3098","DPYS"
"3099","GLTP"
"3100","ARHGDIB"
"3101","SMARCA2"
"3102","UBE2G2"
"3103","CHTOP"
"3104","ZMYM1"
"3105","KHNYN"
"3106","ZNF280A"
"3107","GKAP1"
"3108","ATP6V1G2-DDX39B"
"3109","CD1C"
"3110","ARFGAP2"
"3111","HINT1"
"3112","PGM1"
"3113","BUB1B"
"3114","CCND1"
"3115","SAMD1"
"3116","APLNR"
"3117","HEXIM2"
"3118","AC107068.2"
"3119","NFXL1"
"3120","AC005020.2"
"3121","ZNF655"
"3122","ANAPC7"
"3123","ABCA10"
"3124","AL139807.1"
"3125","FRMD8"
"3126","ZNF222"
"3127","MCOLN3"
"3128","WDFY4"
"3129","AL356481.1"
"3130","GLE1"
"3131","SELENOF"
"3132","CRTAM"
"3133","IKBKB"
"3134","CCR4"
"3135","ZSWIM8-AS1"
"3136","SNX7"
"3137","PCYOX1"
"3138","AC022400.5"
"3139","SPNS3"
"3140","PPM1B"
"3141","FZD6"
"3142","TUBB"
"3143","TUBA1A"
"3144","TMEM239"
"3145","DHX32"
"3146","CYP2C9"
"3147","PAGR1"
"3148","RGS14"
"3149","NDUFA6-DT"
"3150","CYP2D6"
"3151","EHMT1"
"3152","SNRPE"
"3153","CLIP1"
"3154","YIPF3"
"3155","PTH1R"
"3156","LINC01560"
"3157","RASA1"
"3158","ZMYND10"
"3159","ZMYND10-AS1"
"3160","GLB1L3"
"3161","CSK"
"3162","MARCKS"
"3163","PLCB1"
"3164","ANP32A"
"3165","SS18"
"3166","SLC25A12"
"3167","ZNF654"
"3168","SFRP4"
"3169","SLC25A19"
"3170","FCHSD1"
"3171","SPX"
"3172","ERP27"
"3173","SOX30"
"3174","SLC51A"
"3175","PCYT1A"
"3176","GCLM"
"3177","AL391422.2"
"3178","AL391422.3"
"3179","FAM50B"
"3180","NCOA7"
"3181","RSBN1"
"3182","TXLNA"
"3183","RNF114"
"3184","RELL2"
"3185","ZC3H4"
"3186","LRRC71"
"3187","PPP1CA"
"3188","HYLS1"
"3189","PRCC"
"3190","DHPS"
"3191","ZNF280C"
"3192","TXNRD2"
"3193","AL691459.1"
"3194","ETV2"
"3195","SAMD9L"
"3196","SFXN3"
"3197","LPXN"
"3198","Z83844.3"
"3199","PRR23C"
"3200","BBS4"
"3201","ZNF529"
"3202","ARMCX6"
"3203","EYA3"
"3204","GNE"
"3205","AC069257.3"
"3206","MSH4"
"3207","TAX1BP1"
"3208","B9D2"
"3209","ZNF560"
"3210","VPS11"
"3211","COL6A3"
"3212","HOXD4"
"3213","FAM90A1"
"3214","ZNF43"
"3215","TANGO2"
"3216","SGSM1"
"3217","ZDHHC19"
"3218","PPP3CB"
"3219","P2RY1"
"3220","CLTA"
"3221","TYW1B"
"3222","ZNF23"
"3223","C16orf70"
"3224","RLIM"
"3225","RSBN1L"
"3226","MCEMP1"
"3227","FAM222B"
"3228","OR2C1"
"3229","RASA2"
"3230","TNXA"
"3231","RBP5"
"3232","RBM12"
"3233","BRD3"
"3234","BRD3OS"
"3235","CCDC117"
"3236","XRN1"
"3237","PTK2B"
"3238","FKRP"
"3239","CEP44"
"3240","PLAC8"
"3241","NIBAN3"
"3242","SAP18"
"3243","PLOD1"
"3244","AC023194.3"
"3245","WIPF2"
"3246","WTAPP1"
"3247","LMF2"
"3248","SCYL3"
"3249","MBD5"
"3250","TMEM187"
"3251","CCL27"
"3252","GFRA2"
"3253","DBNDD2"
"3254","GORASP1"
"3255","FARSA"
"3256","ARMCX2"
"3257","DKC1"
"3258","MMP2"
"3259","BPY2C"
"3260","BPY2"
"3261","BPY2B"
"3262","RMND1"
"3263","AL359706.1"
"3264","GPALPP1"
"3265","AC114956.3"
"3266","SVIP"
"3267","BPNT1"
"3268","PGAP2"
"3269","MRPS10"
"3270","FFAR4"
"3271","AL133373.2"
"3272","OR4F3"
"3273","RADIL"
"3274","TULP4"
"3275","TP53"
"3276","AL117348.2"
"3277","PUS7L"
"3278","LARP4"
"3279","DPPA4"
"3280","WNT2B"
"3281","KMT2A"
"3282","SLC12A8"
"3283","AC245884.11"
"3284","RAB25"
"3285","TGOLN2"
"3286","SREBF2"
"3287","SNAPC3"
"3288","ZFP36L1"
"3289","CCNB3"
"3290","FRG1HP"
"3291","SPP2"
"3292","ZBTB40"
"3293","PTN"
"3294","UNC45A"
"3295","ABCF3"
"3296","COX7A1"
"3297","FAM221A"
"3298","C15orf40"
"3299","TMEM87A"
"3300","AC036103.1"
"3301","AC114546.3"
"3302","AC079594.2"
"3303","LINC02591"
"3304","AC243772.3"
"3305","POLE2"
"3306","AMPD3"
"3307","SLC17A5"
"3308","TLCD4-RWDD3"
"3309","PHACTR3"
"3310","MX2"
"3311","ZSCAN16"
"3312","PLOD2"
"3313","TTLL1"
"3314","SF3B3"
"3315","TRHDE"
"3316","TRAT1"
"3317","CRLF3"
"3318","SUZ12P1"
"3319","KLHL7"
"3320","CDC42EP5"
"3321","CLIP4"
"3322","AL360270.1"
"3323","TEKT3"
"3324","AC005703.7"
"3325","YWHAE"
"3326","NUTM2A"
"3327","NUTM2A-AS1"
"3328","FNTA"
"3329","SPTAN1"
"3330","OR2T1"
"3331","C17orf75"
"3332","AC005899.4"
"3333","KY"
"3334","ZNF468"
"3335","HDDC2"
"3336","PA2G4"
"3337","AC034102.4"
"3338","PLEKHA1"
"3339","NLRC5"
"3340","AKR1E2"
"3341","ZNF260"
"3342","MARF1"
"3343","NXF5"
"3344","FAM81B"
"3345","SP140"
"3346","LSM14A"
"3347","ZNF766"
"3348","AC010320.3"
"3349","DNAI1"
"3350","G2E3"
"3351","NME5"
"3352","IGF2BP3"
"3353","CPED1"
"3354","APOBEC3G"
"3355","SNAPIN"
"3356","ABCA9-AS1"
"3357","ABCA9"
"3358","CCNE1"
"3359","CASC11"
"3360","MYC"
"3361","JAK2"
"3362","C5orf64"
"3363","COPS3"
"3364","SLC25A42"
"3365","GPT"
"3366","UTP6"
"3367","ZNF76"
"3368","B4GAT1"
"3369","ZNF112"
"3370","ZNF449"
"3371","CRYBG2"
"3372","CLSTN3"
"3373","EMSY"
"3374","GOLGA6L17P"
"3375","KLF8"
"3376","MYO19"
"3377","DTX4"
"3378","CYP27A1"
"3379","CGN"
"3380","THAP3"
"3381","GIPC1"
"3382","AL662899.2"
"3383","VPS33B"
"3384","UBN2"
"3385","AC073585.2"
"3386","PANK4"
"3387","SARS2"
"3388","NAXD"
"3389","TMEM104"
"3390","MOB4"
"3391","ZDHHC13"
"3392","MRPS9"
"3393","AC104655.1"
"3394","PSMB9"
"3395","APBA1"
"3396","MKRN2OS"
"3397","TAF6"
"3398","FP565260.2"
"3399","RNF170"
"3400","HSPH1"
"3401","SPANXN1"
"3402","PCBP2"
"3403","NPIPB3"
"3404","DNMBP"
"3405","PPP3CA"
"3406","GBA2"
"3407","STAU2"
"3408","KDM5C"
"3409","CRELD1"
"3410","MAN2B2"
"3411","PKN3"
"3412","ACSS1"
"3413","C9orf16"
"3414","FUT11"
"3415","ABHD17C"
"3416","ARAF"
"3417","UBQLN2"
"3418","POLRMT"
"3419","CACNB1"
"3420","AC004408.1"
"3421","PRSS21"
"3422","TTC28-AS1"
"3423","LTBP4"
"3424","SHOX"
"3425","COX6A1"
"3426","AL135818.1"
"3427","GPHN"
"3428","FCHSD2"
"3429","RD3L"
"3430","CHUK"
"3431","TNNI2"
"3432","MAP3K9"
"3433","ZNF557"
"3434","HDAC5"
"3435","PEX3"
"3436","SWT1"
"3437","ELOC"
"3438","AL161668.3"
"3439","RCOR1"
"3440","CDK2AP1"
"3441","CTSW"
"3442","CRYAB"
"3443","LINC01278"
"3444","SLC25A44"
"3445","CSGALNACT1"
"3446","SPG11"
"3447","SYTL3"
"3448","NFKB1"
"3449","PPEF1"
"3450","RPE"
"3451","KLF3-AS1"
"3452","RHPN1"
"3453","GSKIP"
"3454","NFATC2IP"
"3455","AC109460.2"
"3456","PCMTD1"
"3457","PDHA1"
"3458","EDEM2"
"3459","CSAG4"
"3460","MAGEA12"
"3461","MEMO1"
"3462","AC073842.2"
"3463","CNPY4"
"3464","EEFSEC"
"3465","AL355916.3"
"3466","EEF1AKMT1"
"3467","XPO1"
"3468","AC016727.1"
"3469","TAGLN"
"3470","SEMG1"
"3471","PDE3A"
"3472","GRIPAP1"
"3473","MYLIP"
"3474","AC124312.5"
"3475","AC124312.4"
"3476","ROBO2"
"3477","CENPF"
"3478","RGS5"
"3479","OSTF1"
"3480","AC005324.4"
"3481","AMT"
"3482","CAMK2B"
"3483","PIP5KL1"
"3484","POMZP3"
"3485","AC004980.1"
"3486","ARL2BP"
"3487","RAI2"
"3488","AC072022.1"
"3489","TMLHE"
"3490","TMLHE-AS1"
"3491","CNNM1"
"3492","EFHC1"
"3493","ADCY8"
"3494","AACS"
"3495","ABCC10"
"3496","TGM4"
"3497","VPS16"
"3498","FBXL16"
"3499","CYTH4"
"3500","ISYNA1"
"3501","NLK"
"3502","CT45A5"
"3503","CT45A6"
"3504","CTAGE9"
"3505","TMEM44"
"3506","TMEM44-AS1"
"3507","BIRC3"
"3508","SIGLEC14"
"3509","AC018755.2"
"3510","PTMS"
"3511","PHF14"
"3512","CCM2"
"3513","NECAP2"
"3514","AL121845.3"
"3515","MSR1"
"3516","DAPK2"
"3517","PLCXD2"
"3518","OSBPL1A"
"3519","WDR44"
"3520","ZFHX2-AS1"
"3521","LCE5A"
"3522","GMPR2"
"3523","THPO"
"3524","CBR4"
"3525","SLCO5A1"
"3526","HACD3"
"3527","ZNF703"
"3528","FGFR1OP2"
"3529","SCNN1D"
"3530","ZNF443"
"3531","PRKG1-AS1"
"3532","ZNF740"
"3533","FXYD5"
"3534","AC004623.1"
"3535","PWWP3A"
"3536","NONO"
"3537","RAB35"
"3538","RHOB"
"3539","FADS1"
"3540","WDR1"
"3541","PSCA"
"3542","DCSTAMP"
"3543","SLC66A3"
"3544","PXN-AS1"
"3545","PXN"
"3546","HLA-A"
"3547","TMEM216"
"3548","JAGN1"
"3549","SEPTIN2"
"3550","TLE6"
"3551","RRP15"
"3552","METTL27"
"3553","CPE"
"3554","ATG13"
"3555","HLA-DOA"
"3556","TMEM41A"
"3557","COX11"
"3558","CNTRL"
"3559","ZNF761"
"3560","AC022137.3"
"3561","AC022137.4"
"3562","INTS2"
"3563","CDC25B"
"3564","MAP3K4"
"3565","RLN1"
"3566","JPH2"
"3567","KMT5B"
"3568","TRIM26"
"3569","KLHL13"
"3570","TTL"
"3571","AC018470.1"
"3572","SP9"
"3573","FAM166A"
"3574","TRMT10B"
"3575","H1FX"
"3576","H1FX-AS1"
"3577","GALNT7"
"3578","FGFR2"
"3579","SMC4"
"3580","IQSEC2"
"3581","AC092445.1"
"3582","DKK2"
"3583","ZNF852"
"3584","DLX5"
"3585","GLRX"
"3586","RHOBTB3"
"3587","INTS8"
"3588","UBE2Q2"
"3589","HACD1"
"3590","TTC5"
"3591","SYNJ1"
"3592","ARSF"
"3593","RXFP3"
"3594","POF1B"
"3595","METTL22"
"3596","INHBB"
"3597","GZF1"
"3598","F10"
"3599","XKR7"
"3600","MRFAP1"
"3601","PROK1"
"3602","EGLN2"
"3603","L2HGDH"
"3604","ZBTB3"
"3605","AC005943.1"
"3606","ATOX1"
"3607","SRP54"
"3608","STAC3"
"3609","ZAR1L"
"3610","CLEC2D"
"3611","NUP188"
"3612","RHOBTB1"
"3613","MPPE1"
"3614","JUP"
"3615","PNRC2"
"3616","SHISAL2A"
"3617","APOC3"
"3618","MICALL1"
"3619","TRAPPC3"
"3620","PFKM"
"3621","C5orf56"
"3622","ADCY4"
"3623","PECR"
"3624","LIMA1"
"3625","SMC1A"
"3626","ZNF563"
"3627","AL355987.3"
"3628","AJM1"
"3629","CXCL6"
"3630","NR3C1"
"3631","ANKRD34A"
"3632","AC027796.3"
"3633","SHPK"
"3634","RAD52"
"3635","TBCB"
"3636","PRAMEF4"
"3637","COMMD7"
"3638","ZNF212"
"3639","RMND5B"
"3640","AGPS"
"3641","TLCD1"
"3642","PAAF1"
"3643","SSBP4"
"3644","PPP6R2"
"3645","AL138930.1"
"3646","CD84"
"3647","CD226"
"3648","TSPAN31"
"3649","GPR142"
"3650","LIG3"
"3651","PBLD"
"3652","KMT5A"
"3653","TTYH2"
"3654","AC100786.2"
"3655","CHRNA3"
"3656","KCNK9"
"3657","ZNF599"
"3658","TNNC1"
"3659","FCF1"
"3660","MGST3"
"3661","RAB21"
"3662","NXT2"
"3663","TMEM258"
"3664","DCAF1"
"3665","NFATC2"
"3666","SPRED3"
"3667","AEBP1"
"3668","ZRSR2"
"3669","AL139095.4"
"3670","SSR1"
"3671","PTGER4P2"
"3672","AL845472.1"
"3673","EEF1G"
"3674","AC008038.1"
"3675","BMERB1"
"3676","MACF1"
"3677","DERL1"
"3678","AC104316.1"
"3679","RIN2"
"3680","CTNNAL1"
"3681","ZNF880"
"3682","A2M"
"3683","PHF1"
"3684","IGFALS"
"3685","NUDT17"
"3686","EVI5"
"3687","ARIH2"
"3688","AC137630.2"
"3689","ERBIN"
"3690","TMEM119"
"3691","SGPP1"
"3692","DDX18"
"3693","MTOR"
"3694","AC026202.3"
"3695","TSPAN32"
"3696","PLPP5"
"3697","ARMC2"
"3698","MAGEA3"
"3699","CST6"
"3700","TSHZ2"
"3701","LRRC75B"
"3702","ZNF829"
"3703","C17orf99"
"3704","CATSPER2"
"3705","MAT2A"
"3706","ADGRB2"
"3707","NME4"
"3708","SUCO"
"3709","PIGG"
"3710","ARHGEF2"
"3711","LMO4"
"3712","GRAMD1A"
"3713","LONRF3"
"3714","EPHX1"
"3715","TUBB8P7"
"3716","DKK3"
"3717","C3"
"3718","TOP3B"
"3719","AC245452.1"
"3720","CUX2"
"3721","AHCY"
"3722","TEX22"
"3723","C11orf54"
"3724","VMA21"
"3725","HERC5"
"3726","MYO9B"
"3727","AL136982.6"
"3728","FAM25A"
"3729","HMGN2"
"3730","AC007952.2"
"3731","AC007952.1"
"3732","AC106017.2"
"3733","MINK1"
"3734","CRYL1"
"3735","PIK3CG"
"3736","MAML1"
"3737","DPF2"
"3738","TICAM1"
"3739","ARPC5"
"3740","MRPS28"
"3741","RNF220"
"3742","RPA4"
"3743","RAD51D"
"3744","MYOM1"
"3745","ALG2"
"3746","ZGRF1"
"3747","SPTLC1"
"3748","GNAO1"
"3749","HSDL2"
"3750","CLIC2"
"3751","ADAM11"
"3752","G6PC3"
"3753","AC015631.1"
"3754","PABPC4L"
"3755","WDFY1"
"3756","DYRK1A"
"3757","MAST4"
"3758","FAM92B"
"3759","ADRA2A"
"3760","CSRP1"
"3761","C10orf95"
"3762","RPARP-AS1"
"3763","PIP4K2C"
"3764","NAA50"
"3765","RSF1"
"3766","PLA2G2D"
"3767","LCK"
"3768","GABRR3"
"3769","YWHAQ"
"3770","ACSL3"
"3771","MLXIP"
"3772","NRF1"
"3773","GALNT3"
"3774","ZNF268"
"3775","CIAO3"
"3776","EXOC6B"
"3777","NUTF2"
"3778","AGO4"
"3779","PDCD2L"
"3780","ZNF263"
"3781","KDM5A"
"3782","PCDHGA10"
"3783","TAS2R31"
"3784","THOC6"
"3785","LMAN1L"
"3786","TMEM244"
"3787","DUSP8"
"3788","FAM24A"
"3789","CRB3"
"3790","FBXO22"
"3791","RIT2"
"3792","BCLAF3"
"3793","MRPL15"
"3794","SMURF1"
"3795","SH3BP5-AS1"
"3796","SH3BP5"
"3797","U2AF1L4"
"3798","AD000671.2"
"3799","RNASEH2A"
"3800","THSD8"
"3801","SLC9A7"
"3802","KCNH6"
"3803","TANK"
"3804","AC009299.3"
"3805","ST3GAL2"
"3806","AC012184.1"
"3807","HTRA4"
"3808","ZNF620"
"3809","ASIC4"
"3810","GRHL3"
"3811","FBXO2"
"3812","BARD1"
"3813","CDC40"
"3814","PEBP4"
"3815","MADD"
"3816","SAPCD2"
"3817","RHOC"
"3818","ALKBH5"
"3819","CASZ1"
"3820","AL139423.1"
"3821","POTEB3"
"3822","FJX1"
"3823","TMEM78"
"3824","NKPD1"
"3825","CDK9"
"3826","KCTD19"
"3827","SEC61B"
"3828","DCTD"
"3829","ZNF554"
"3830","DALRD3"
"3831","CCT7"
"3832","TRPV4"
"3833","SEH1L"
"3834","PDP2"
"3835","PDSS2"
"3836","LOX"
"3837","BAG3"
"3838","PTTG2"
"3839","KIAA0586"
"3840","CPEB2"
"3841","AC098829.1"
"3842","AGAP5"
"3843","BMS1P4-AGAP5"
"3844","TAT"
"3845","TAT-AS1"
"3846","AC099482.1"
"3847","SCNN1G"
"3848","DPM2"
"3849","AL157935.1"
"3850","MAPKBP1"
"3851","ZFYVE19"
"3852","WWC1"
"3853","ALG10B"
"3854","GLYCTK-AS1"
"3855","GLYCTK"
"3856","TFCP2"
"3857","SDK1"
"3858","TSPAN14"
"3859","FMO4"
"3860","PSMC4"
"3861","LRRN3"
"3862","PSMC2"
"3863","ZNF808"
"3864","SEC23IP"
"3865","WARS2"
"3866","S100PBP"
"3867","CSTA"
"3868","AKTIP"
"3869","CD5L"
"3870","CHD3"
"3871","ZNF562"
"3872","ZC3HAV1L"
"3873","IQANK1"
"3874","TEF"
"3875","PIWIL1"
"3876","CHAF1A"
"3877","PTGS1"
"3878","CELA2B"
"3879","LBR"
"3880","AC004224.2"
"3881","CKAP4"
"3882","HSPG2"
"3883","HS3ST1"
"3884","PCDH19"
"3885","TAZ"
"3886","PPARA"
"3887","SSX1"
"3888","P2RX4"
"3889","BFAR"
"3890","C10orf88"
"3891","SCOC"
"3892","AHCYL1"
"3893","DMRTB1"
"3894","RNF207"
"3895","NCAPG2"
"3896","APOBR"
"3897","AC091045.1"
"3898","CCDC32"
"3899","POTEG"
"3900","POTEM"
"3901","UBE2H"
"3902","FAS"
"3903","UBE2T"
"3904","KCNE1"
"3905","KCNE1B"
"3906","PRRC2B"
"3907","PGGHG"
"3908","CACNA1A"
"3909","TIRAP"
"3910","AC068831.1"
"3911","IMP3"
"3912","SLC38A10"
"3913","TNFRSF14"
"3914","PIGU"
"3915","NMI"
"3916","PRKDC"
"3917","MARCH10"
"3918","AC005821.1"
"3919","PARVG"
"3920","CARNMT1"
"3921","OR14A2"
"3922","AC118470.1"
"3923","GALM"
"3924","ARMS2"
"3925","BX842242.1"
"3926","TDRD9"
"3927","GC"
"3928","TGIF1"
"3929","GNAI2"
"3930","TMEM254"
"3931","C6orf15"
"3932","ASF1B"
"3933","EFL1"
"3934","DYRK4"
"3935","DCTN1"
"3936","ZNF670-ZNF695"
"3937","GOLGA6L3"
"3938","SLC2A5"
"3939","TMEM9B"
"3940","THSD1"
"3941","CSNK2B"
"3942","PRPF4"
"3943","PPP2R5D"
"3944","STKLD1"
"3945","ZBTB34"
"3946","CLDN17"
"3947","ZBTB47"
"3948","CTTNBP2"
"3949","EGR2"
"3950","KDSR"
"3951","NRTN"
"3952","TEN1-CDK3"
"3953","EPHB3"
"3954","MYL12A"
"3955","TMEM30A"
"3956","ACAD8"
"3957","ABTB1"
"3958","CSMD1"
"3959","SCN1B"
"3960","HSD17B6"
"3961","BRPF1"
"3962","TRA2A"
"3963","MRGBP"
"3964","ZCWPW2"
"3965","AC098650.1"
"3966","TMEM64"
"3967","LINC00534"
"3968","TFDP1"
"3969","DIDO1"
"3970","GPRIN1"
"3971","CD151"
"3972","KRT2"
"3973","REEP3"
"3974","SIRPA"
"3975","C5orf58"
"3976","AKAP10"
"3977","MAN1A1"
"3978","ZNF77"
"3979","GATA3"
"3980","STAMBP"
"3981","LRRC57"
"3982","DNAJA3"
"3983","CCDC120"
"3984","MPP5"
"3985","TAF1L"
"3986","MEF2A"
"3987","MSTO1"
"3988","TMEM126B"
"3989","IQCJ"
"3990","MKLN1"
"3991","VPS9D1"
"3992","RPS6KA5"
"3993","KRT9"
"3994","TFPT"
"3995","PANX1"
"3996","ARHGEF35"
"3997","C7orf25"
"3998","C9orf116"
"3999","SBF1"
"4000","AP1M2"
"4001","ERF"
"4002","PRMT5-AS1"
"4003","PRMT5"
"4004","DLEU2L"
"4005","TRAPPC12"
"4006","MYO7B"
"4007","CLCC1"
"4008","DYNC1H1"
"4009","AL118558.1"
"4010","MSH5-SAPCD1"
"4011","VDAC3"
"4012","LUC7L"
"4013","UNC93B1"
"4014","SBK3"
"4015","BOC"
"4016","GP5"
"4017","SLC2A4RG"
"4018","GTF2H3"
"4019","JDP2"
"4020","TRIM35"
"4021","PNPO"
"4022","PSPC1"
"4023","ZNF813"
"4024","AL137782.1"
"4025","UCHL3"
"4026","LMO7-AS1"
"4027","GRM4"
"4028","RSPH3"
"4029","COG3"
"4030","RCC2"
"4031","PRUNE1"
"4032","TMPPE"
"4033","AQP11"
"4034","H2AFY2"
"4035","PREB"
"4036","PRKCSH"
"4037","ZNF730"
"4038","GAGE12J"
"4039","SLC5A10"
"4040","IFNE"
"4041","RASGRP2"
"4042","LPIN1"
"4043","RTEL1"
"4044","FOXF2"
"4045","ERICH6"
"4046","AL136988.2"
"4047","GALNT2"
"4048","GNA15"
"4049","FLI1"
"4050","ANAPC10"
"4051","C11orf74"
"4052","ZDHHC5"
"4053","CBWD5"
"4054","GOLGA6L9"
"4055","TPK1"
"4056","PIK3IP1"
"4057","SLC39A6"
"4058","KLHL3"
"4059","AKT1"
"4060","SCAF1"
"4061","MED13L"
"4062","ZNF74"
"4063","TRMT112"
"4064","FBXO45"
"4065","NKRF"
"4066","FAM180B"
"4067","ARGFX"
"4068","CCP110"
"4069","SLC37A3"
"4070","HEATR9"
"4071","INSL6"
"4072","INSIG1"
"4073","ABCD3"
"4074","WASF3"
"4075","AHCTF1"
"4076","RAVER1"
"4077","LRCH3"
"4078","ARHGAP45"
"4079","TRIL"
"4080","AC005013.1"
"4081","C8orf89"
"4082","TECTB"
"4083","C9orf64"
"4084","PLAC8L1"
"4085","TDRKH"
"4086","CBWD3"
"4087","CDKN1C"
"4088","MTMR1"
"4089","MAMLD1"
"4090","TMEM117"
"4091","LINC01620"
"4092","IL12RB1"
"4093","FAAP100"
"4094","GGACT"
"4095","YME1L1"
"4096","METTL1"
"4097","CLN8"
"4098","CHMP1A"
"4099","NCBP1"
"4100","ZNF3"
"4101","DNAJC28"
"4102","FUZ"
"4103","CLCF1"
"4104","WDR33"
"4105","ALKBH4"
"4106","SENP5"
"4107","MT1M"
"4108","RFTN1"
"4109","PTER"
"4110","TKFC"
"4111","RLN2"
"4112","GIPR"
"4113","PLPP4"
"4114","RFPL4AL1"
"4115","REC8"
"4116","TES"
"4117","AC073130.2"
"4118","AC002066.1"
"4119","CFAP157"
"4120","PTRH1"
"4121","CSNK2A3"
"4122","NOD2"
"4123","AC007728.2"
"4124","MGAT4B"
"4125","TPR"
"4126","RGMB"
"4127","XPOT"
"4128","NEURL4"
"4129","AC026954.2"
"4130","MYL4"
"4131","VHL"
"4132","AC034193.1"
"4133","ULK3"
"4134","KAT7"
"4135","DCTN5"
"4136","DOCK7"
"4137","ZNF747"
"4138","AC002310.4"
"4139","FMC1"
"4140","HSPA8"
"4141","DUOX1"
"4142","AC051619.6"
"4143","AC003006.1"
"4144","KIAA1586"
"4145","ZBTB9"
"4146","ADA2"
"4147","IFITM10"
"4148","RIC8A"
"4149","TSC22D1"
"4150","SENP1"
"4151","GLI1"
"4152","AL358472.5"
"4153","DENND4B"
"4154","NXNL2"
"4155","MPZL1"
"4156","PCM1"
"4157","AP001010.1"
"4158","SCN9A"
"4159","GZMA"
"4160","SUN2"
"4161","PIK3CD"
"4162","HDDC3"
"4163","OR10P1"
"4164","CDC42BPB"
"4165","PIGO"
"4166","SMARCD2"
"4167","SELENOW"
"4168","RCCD1"
"4169","NDUFV2"
"4170","IL27"
"4171","PCTP"
"4172","AL669830.1"
"4173","SEZ6L"
"4174","TMEM131L"
"4175","AC106865.2"
"4176","HCP5"
"4177","MICA"
"4178","CREG1"
"4179","AC092802.1"
"4180","LRRC55"
"4181","CHRNE"
"4182","ANXA6"
"4183","RBMS3"
"4184","TMEM259"
"4185","SPIDR"
"4186","APOC4"
"4187","ELP6"
"4188","GOLGA6L10"
"4189","IL11RA"
"4190","TOR3A"
"4191","GUCY1A1"
"4192","LZIC"
"4193","TMEM221"
"4194","CATSPER3"
"4195","AL031428.1"
"4196","KDM1A"
"4197","SRSF4"
"4198","TNPO2"
"4199","EFR3B"
"4200","MSH5"
"4201","C1orf35"
"4202","POLR2B"
"4203","UBXN8"
"4204","TRIM6"
"4205","FAM192A"
"4206","PFKP"
"4207","EFCAB2"
"4208","CRACR2B"
"4209","C11orf65"
"4210","RRNAD1"
"4211","METTL6"
"4212","CDK6"
"4213","KCNK3"
"4214","MTRR"
"4215","HMGA1"
"4216","ABHD10"
"4217","TMEM106C"
"4218","LRRC49"
"4219","AC008735.2"
"4220","U2AF2"
"4221","REXO1L1P"
"4222","HOMER3"
"4223","ARMC7"
"4224","SNAI1"
"4225","ZNF84"
"4226","PWWP2B"
"4227","YIPF1"
"4228","BRF1"
"4229","EDEM3"
"4230","TMEM130"
"4231","ORAI2"
"4232","SLC25A25"
"4233","DNAJC15"
"4234","CYB5D2"
"4235","RPRD2"
"4236","RBM3"
"4237","MID2"
"4238","AL109946.1"
"4239","APAF1"
"4240","SLC15A3"
"4241","PRPF39"
"4242","DMC1"
"4243","CCDC166"
"4244","POC1B"
"4245","CPEB4"
"4246","NT5DC4"
"4247","SQLE"
"4248","PDCD6IP"
"4249","CNP"
"4250","ATP5PB"
"4251","SEC24A"
"4252","HPN"
"4253","HPN-AS1"
"4254","MUC1"
"4255","SNHG29"
"4256","HAUS5"
"4257","SSRP1"
"4258","DOCK10"
"4259","OXSM"
"4260","UBE2N"
"4261","ZNF583"
"4262","AGO2"
"4263","SP5"
"4264","IRF2"
"4265","AL161665.1"
"4266","ARHGAP5"
"4267","CDCA4"
"4268","RALB"
"4269","LEMD2"
"4270","MARCH8"
"4271","ZNF26"
"4272","CCNDBP1"
"4273","CCDC9B"
"4274","CCDC201"
"4275","KLHDC3"
"4276","TRERF1"
"4277","MBD1"
"4278","BAALC"
"4279","BAALC-AS1"
"4280","TMEM265"
"4281","AC106886.2"
"4282","UNK"
"4283","GABRD"
"4284","CD248"
"4285","AP001107.3"
"4286","BIVM"
"4287","HGS"
"4288","INPP1"
"4289","AQP10"
"4290","CARTPT"
"4291","YPEL3"
"4292","GCAT"
"4293","WFDC10B"
"4294","AURKA"
"4295","BEST2"
"4296","PLS1"
"4297","AC072028.1"
"4298","UBAP1"
"4299","SARS"
"4300","THOC3"
"4301","SLC45A1"
"4302","RPS10-NUDT3"
"4303","AL133467.3"
"4304","TCL1B"
"4305","LPP"
"4306","SEMA3A"
"4307","SYNGR3"
"4308","TMEM88"
"4309","RPAP2"
"4310","AKIRIN2"
"4311","TBC1D25"
"4312","NUAK2"
"4313","C11orf49"
"4314","LHFPL5"
"4315","AP001931.1"
"4316","NIPAL2"
"4317","LINC01018"
"4318","NSUN2"
"4319","EPS8L1"
"4320","AL096870.1"
"4321","GANAB"
"4322","DYTN"
"4323","ATG16L2"
"4324","GRINA"
"4325","SCD"
"4326","ORC5"
"4327","HPCAL1"
"4328","NHS"
"4329","GNGT1"
"4330","RSPH10B2"
"4331","RSPH10B"
"4332","C11orf16"
"4333","KCNG2"
"4334","PGRMC2"
"4335","CTRC"
"4336","TFB1M"
"4337","FOXP2"
"4338","MARCH4"
"4339","TIMELESS"
"4340","CAPN15"
"4341","Z97986.1"
"4342","TRMT5"
"4343","EHF"
"4344","GCH1"
"4345","RPL26L1"
"4346","TMEM177"
"4347","USP9Y"
"4348","ZNF354C"
"4349","CAPN2"
"4350","STAM2"
"4351","MTMR4"
"4352","ATG10"
"4353","PPP2R1B"
"4354","CCDC89"
"4355","IFT20"
"4356","CLK4"
"4357","MINPP1"
"4358","MORC3"
"4359","ZNF362"
"4360","HEY1"
"4361","DDX42"
"4362","ARL3"
"4363","C4orf47"
"4364","STX6"
"4365","MBNL2"
"4366","ACYP1"
"4367","NDUFV3"
"4368","TAF1A"
"4369","C7orf61"
"4370","CCSER1"
"4371","IRAK4"
"4372","GNB3"
"4373","ATP2B3"
"4374","MSL3"
"4375","CAMK2G"
"4376","HABP4"
"4377","AP1M1"
"4378","SNCG"
"4379","MMRN2"
"4380","WNK1"
"4381","ZP3"
"4382","POU4F1"
"4383","LEMD3"
"4384","NUB1"
"4385","CYSLTR2"
"4386","KRT18"
"4387","SLC41A1"
"4388","ZNF540"
"4389","TBC1D23"
"4390","AC005229.5"
"4391","C7orf33"
"4392","XCR1"
"4393","ALKBH8"
"4394","DBR1"
"4395","AP000777.3"
"4396","CCDC86"
"4397","PARP16"
"4398","CST1"
"4399","AC105914.2"
"4400","ADAM29"
"4401","TAX1BP3"
"4402","AC008758.6"
"4403","ZNF709"
"4404","SCAMP3"
"4405","GAGE10"
"4406","CYBA"
"4407","RIPK3"
"4408","ADD3"
"4409","AL355312.5"
"4410","TACC3"
"4411","ENY2"
"4412","PDLIM5"
"4413","CCNG2"
"4414","WDR36"
"4415","RAMP1"
"4416","AL035461.3"
"4417","WDR62"
"4418","AC233723.2"
"4419","AC006486.1"
"4420","RABGAP1L"
"4421","MIF4GD"
"4422","OXR1"
"4423","NUDT2"
"4424","AC006213.3"
"4425","ZNF45"
"4426","FSTL1"
"4427","AC063952.1"
"4428","DNAJC11"
"4429","KCNK17"
"4430","ASB6"
"4431","PLEKHH2"
"4432","STPG2"
"4433","NPPA"
"4434","SIRT4"
"4435","BMP3"
"4436","TBC1D17"
"4437","ENPP4"
"4438","LPAR1"
"4439","RUSC1-AS1"
"4440","AP4M1"
"4441","PTCHD4"
"4442","MICB"
"4443","PTP4A3"
"4444","C12orf49"
"4445","ZNF90"
"4446","CD5"
"4447","ACOT1"
"4448","ACOT2"
"4449","POLM"
"4450","AIDA"
"4451","DM1-AS"
"4452","RNPEP"
"4453","ELF3-AS1"
"4454","CAMKMT"
"4455","BTBD11"
"4456","RDH11"
"4457","KAT8"
"4458","AC010320.2"
"4459","PPP2R1A"
"4460","ZNF875"
"4461","C1orf74"
"4462","ZNF436"
"4463","ENTPD5"
"4464","PRRC2A"
"4465","HK2"
"4466","C3orf18"
"4467","KRTAP9-6"
"4468","USE1"
"4469","FZD9"
"4470","CLEC12B"
"4471","BRF2"
"4472","TBC1D15"
"4473","TJAP1"
"4474","RAB4B"
"4475","CORO2A"
"4476","INAFM2"
"4477","AC007319.1"
"4478","INAFM1"
"4479","KRT39"
"4480","AC090150.2"
"4481","CSNK2A2"
"4482","PHB2"
"4483","KDM2B"
"4484","CECR2"
"4485","AC007666.2"
"4486","MTHFD1"
"4487","DNASE1"
"4488","TRAP1"
"4489","HSP90B1"
"4490","C12orf73"
"4491","GNRH2"
"4492","OAT"
"4493","IPPK"
"4494","EXOC6"
"4495","PRY"
"4496","AC046185.1"
"4497","PCDHB15"
"4498","PCID2"
"4499","HELZ"
"4500","COX19"
"4501","RHOU"
"4502","SLK"
"4503","ZNF2"
"4504","CABLES2"
"4505","MTX2"
"4506","PPARD"
"4507","ETV1"
"4508","TTC17"
"4509","ANKRD40"
"4510","BCL2L15"
"4511","IGFBP4"
"4512","NAGLU"
"4513","GTF2A1"
"4514","KLK15"
"4515","WDR5"
"4516","SDR39U1"
"4517","LARP4B"
"4518","PDIA5"
"4519","AC116366.2"
"4520","PTCD3"
"4521","CLEC9A"
"4522","TRAPPC4"
"4523","CDC37"
"4524","LRSAM1"
"4525","NBPF8"
"4526","REEP2"
"4527","COPB1"
"4528","PSMD11"
"4529","UQCRFS1"
"4530","DCAF11"
"4531","TMEM267"
"4532","SS18L1"
"4533","AC011447.3"
"4534","ZNF486"
"4535","OR9Q2"
"4536","TARDBP"
"4537","PCYT1B"
"4538","AC123768.3"
"4539","GOLGA8N"
"4540","KHK"
"4541","MAP3K1"
"4542","MROH7"
"4543","MRPS26"
"4544","KNDC1"
"4545","GNAL"
"4546","AVPR1A"
"4547","WDR59"
"4548","GAL3ST3"
"4549","SLC38A7"
"4550","PINLYP"
"4551","NCSTN"
"4552","RUNX1T1"
"4553","HMOX2"
"4554","AL354696.2"
"4555","ZNF274"
"4556","ARL6IP5"
"4557","MZT2A"
"4558","CBX2"
"4559","ZBED6"
"4560","ZC3H11A"
"4561","AL021707.5"
"4562","AL021707.3"
"4563","PNPLA5"
"4564","SERPINB9"
"4565","ZNF501"
"4566","ZNF257"
"4567","OAS2"
"4568","TCEAL1"
"4569","MMEL1"
"4570","RBBP5"
"4571","NCKAP1"
"4572","AC027307.3"
"4573","BMT2"
"4574","PCOTH"
"4575","C1QTNF9B"
"4576","CD244"
"4577","HSPB9"
"4578","ACBD4"
"4579","PLEKHA5"
"4580","ATP5MC2"
"4581","C2orf50"
"4582","TRMT12"
"4583","MPST"
"4584","PDCD6"
"4585","C18orf25"
"4586","CALML3-AS1"
"4587","AOC3"
"4588","ORAI3"
"4589","AC135048.1"
"4590","ZNF436-AS1"
"4591","AC026316.4"
"4592","SHOC2"
"4593","GTF3C5"
"4594","SLC9B2"
"4595","SLC2A13"
"4596","HTRA1"
"4597","SLC38A3"
"4598","ERBB3"
"4599","DNAJC5B"
"4600","AC027644.4"
"4601","DNMT3B"
"4602","NUDC"
"4603","SLC43A2"
"4604","PRR35"
"4605","BMS1"
"4606","TMEM182"
"4607","PRR12"
"4608","CAPN10"
"4609","CCDC66"
"4610","AC022509.2"
"4611","METAP2"
"4612","ZNF7"
"4613","ZNF577"
"4614","SHISA5"
"4615","EIF5"
"4616","AC009133.1"
"4617","AC009133.6"
"4618","CAMKK1"
"4619","CFAP70"
"4620","KCTD8"
"4621","AC114490.2"
"4622","ARSG"
"4623","HIPK4"
"4624","VARS2"
"4625","KDM3B"
"4626","DEPP1"
"4627","HTT"
"4628","FAM167B"
"4629","AC093791.1"
"4630","AC003986.1"
"4631","FERD3L"
"4632","TP53BP1"
"4633","TUBGCP4"
"4634","CARD9"
"4635","NOXO1"
"4636","MTREX"
"4637","OMD"
"4638","UBE2K"
"4639","ANKRD9"
"4640","SMPD4"
"4641","GOLGA5"
"4642","AL355102.2"
"4643","ENTPD4"
"4644","DTX1"
"4645","NBEAL2"
"4646","KMO"
"4647","ARHGAP24"
"4648","TIMMDC1"
"4649","PRKAR2A"
"4650","ECI2"
"4651","C6orf201"
"4652","GCM1"
"4653","CCDC82"
"4654","ARHGEF17"
"4655","DCAF13"
"4656","SGTA"
"4657","AL662844.4"
"4658","HCG27"
"4659","NPEPPS"
"4660","AC025682.1"
"4661","EHD2"
"4662","HILPDA"
"4663","AC010655.2"
"4664","AC010655.4"
"4665","MRPL4"
"4666","TMEM129"
"4667","DUSP23"
"4668","ITGB1"
"4669","DNASE1L3"
"4670","UBR7"
"4671","UBE2I"
"4672","RANBP2"
"4673","RPL10"
"4674","AC113189.2"
"4675","AC022532.1"
"4676","MED7"
"4677","TTI1"
"4678","AC025165.2"
"4679","OS9"
"4680","CPSF3"
"4681","ZDHHC12"
"4682","NAT9"
"4683","WDHD1"
"4684","COPG1"
"4685","HTATSF1"
"4686","SPA17"
"4687","BLM"
"4688","NLRX1"
"4689","MRPL36"
"4690","TPSAB1"
"4691","PPP1R8"
"4692","C17orf97"
"4693","AC099850.2"
"4694","STX16-NPEPL1"
"4695","GALNT18"
"4696","MROH7-TTC4"
"4697","ICAM2"
"4698","GCLC"
"4699","CYFIP2"
"4700","AC008676.3"
"4701","MAEA"
"4702","WASHC2A"
"4703","OSCP1"
"4704","C6orf99"
"4705","DLG1"
"4706","NEPRO"
"4707","ECHDC2"
"4708","MARCH9"
"4709","DOK6"
"4710","DCLRE1C"
"4711","DPH5"
"4712","OR2A7"
"4713","ADAM8"
"4714","AC020907.2"
"4715","FXYD1"
"4716","AC003002.1"
"4717","GOT1"
"4718","INPPL1"
"4719","ZFAND3"
"4720","PICK1"
"4721","OR4A5"
"4722","CNIH2"
"4723","NDUFA4"
"4724","OSBPL2"
"4725","RAPH1"
"4726","CLNS1A"
"4727","AC005586.1"
"4728","REPIN1"
"4729","NUCKS1"
"4730","ADAM23"
"4731","AKT3"
"4732","BCAT1"
"4733","FAM102B"
"4734","LATS1"
"4735","CLPTM1L"
"4736","YBEY"
"4737","GPN2"
"4738","TMEM67"
"4739","AC073283.3"
"4740","SLC35C2"
"4741","FUT10"
"4742","C4orf45"
"4743","ZNF568"
"4744","WDR3"
"4745","PRSS56"
"4746","ST6GALNAC6"
"4747","LMBRD2"
"4748","ABHD18"
"4749","SLC4A11"
"4750","ULK2"
"4751","DGCR8"
"4752","BTBD8"
"4753","UBLCP1"
"4754","DTWD1"
"4755","GBP6"
"4756","MIDN"
"4757","IRAK3"
"4758","TJP1"
"4759","TSPO2"
"4760","CALR"
"4761","LINC01954"
"4762","ARSI"
"4763","AC108519.1"
"4764","TM2D1"
"4765","RIPOR3"
"4766","ABCC4"
"4767","MBD3"
"4768","ECT2"
"4769","LBX2"
"4770","LHX6"
"4771","KDM4A-AS1"
"4772","KDM4A"
"4773","HYPK"
"4774","CHFR"
"4775","ENDOU"
"4776","AADACL2"
"4777","SNX15"
"4778","HIC1"
"4779","TRAF2"
"4780","TBC1D29P"
"4781","FBXL4"
"4782","PDE6D"
"4783","CDIPT"
"4784","AC011346.1"
"4785","MIR4713HG"
"4786","SSR4"
"4787","HSF2BP"
"4788","WDR12"
"4789","SHC1"
"4790","AC008443.1"
"4791","TRIM52"
"4792","VLDLR"
"4793","TRIM4"
"4794","STK10"
"4795","C17orf67"
"4796","MAP3K13"
"4797","MTUS1"
"4798","PPP1R12B"
"4799","UNC13D"
"4800","ATP2C1"
"4801","AC008575.1"
"4802","APC"
"4803","NPIPB4"
"4804","EIF3F"
"4805","A3GALT2"
"4806","NPHS1"
"4807","PDZK1IP1"
"4808","DLG3"
"4809","SFPQ"
"4810","BACH1"
"4811","MTFR2"
"4812","FOSB"
"4813","EIF1AX"
"4814","AL021920.2"
"4815","MRPL40"
"4816","MACROD2"
"4817","SORBS3"
"4818","ZNF687-AS1"
"4819","MYD88"
"4820","AC022679.1"
"4821","EIF3B"
"4822","ATP5MPL"
"4823","AC055839.2"
"4824","TPD52"
"4825","MFSD4B"
"4826","SNX20"
"4827","COA7"
"4828","AC004466.1"
"4829","CDC14A"
"4830","KLHL6"
"4831","TTTY14"
"4832","CD24P4"
"4833","DERPC"
"4834","CHTF8"
"4835","YIPF5"
"4836","RABIF"
"4837","SLC25A23"
"4838","HIVEP2"
"4839","AP3D1"
"4840","AL157935.2"
"4841","SAFB"
"4842","ASXL1"
"4843","IRF3"
"4844","PKIA"
"4845","PI4KA"
"4846","RNF2"
"4847","PDE2A"
"4848","SF3B6"
"4849","ZNF830"
"4850","AC109925.2"
"4851","HPGDS"
"4852","ECE1"
"4853","PGAP1"
"4854","ABCB7"
"4855","CLEC10A"
"4856","ZNF630-AS1"
"4857","TRNP1"
"4858","ZC3H14"
"4859","AC019068.1"
"4860","LYSMD2"
"4861","OSBPL7"
"4862","FBXO11"
"4863","MSH6"
"4864","SDCBP2"
"4865","ZNF551"
"4866","ADGRG3"
"4867","STRADA"
"4868","IPP"
"4869","NPIPB9"
"4870","OR4D5"
"4871","NR2F1"
"4872","PKP2"
"4873","DAGLB"
"4874","ARRDC1"
"4875","AL590627.2"
"4876","SLC6A6"
"4877","EDRF1"
"4878","TMEM42"
"4879","WTIP"
"4880","AMY2A"
"4881","FTSJ1"
"4882","DIMT1"
"4883","KIF2A"
"4884","NECAB3"
"4885","CEP295NL"
"4886","ZNF527"
"4887","NBPF10"
"4888","SPDYE4"
"4889","FAM3A"
"4890","CEP68"
"4891","BAMBI"
"4892","OR6B2"
"4893","TMED7"
"4894","AC010226.1"
"4895","ADCK2"
"4896","NAALADL1"
"4897","DUX4"
"4898","DUX4L6"
"4899","DUX4L3"
"4900","DUX4L5"
"4901","DUX4L1"
"4902","OR2M3"
"4903","DIP2C"
"4904","TRBV6-5"
"4905","AQP3"
"4906","CYTH1"
"4907","STX17"
"4908","TSSK4"
"4909","NELFCD"
"4910","GNAT1"
"4911","LRRC47"
"4912","AC093884.1"
"4913","CAPN1"
"4914","GALNT12"
"4915","AL136084.2"
"4916","AC009879.3"
"4917","TRDN"
"4918","STK17B"
"4919","FTO"
"4920","LILRA4"
"4921","NOTCH4"
"4922","STBD1"
"4923","CYP2T1P"
"4924","PDIA2"
"4925","BAIAP3"
"4926","PNMT"
"4927","ACSS2"
"4928","AC004223.3"
"4929","PHKB"
"4930","DEK"
"4931","BTBD6"
"4932","PLXNC1"
"4933","FAM89A"
"4934","MYL2"
"4935","ENSA"
"4936","RNASEK-C17orf49"
"4937","NBPF12"
"4938","YEATS4"
"4939","PMPCA"
"4940","POLR1E"
"4941","TARS2"
"4942","DENND2A"
"4943","TMPRSS4"
"4944","CCNL2"
"4945","SLC37A4"
"4946","METTL17"
"4947","ZNF524"
"4948","B4GALT7"
"4949","ZNF417"
"4950","AC010326.2"
"4951","AADACL2-AS1"
"4952","ELK1"
"4953","SCO2"
"4954","U62317.2"
"4955","N6AMT1"
"4956","AC010973.2"
"4957","SLC4A2"
"4958","TGM3"
"4959","CAMTA1"
"4960","AC012501.2"
"4961","UQCC3"
"4962","DNAJC3"
"4963","BPGM"
"4964","RBM19"
"4965","KNL1"
"4966","HLA-DOB"
"4967","C21orf58"
"4968","SLC2A14"
"4969","LIPE-AS1"
"4970","PABPC4"
"4971","B3GNT2"
"4972","PI4K2B"
"4973","INCENP"
"4974","GSTZ1"
"4975","OPA3"
"4976","AC005746.2"
"4977","BCAS3"
"4978","MIER3"
"4979","HLA-C"
"4980","BLMH"
"4981","AC104984.4"
"4982","PRKX"
"4983","AC004917.1"
"4984","CCDC71L"
"4985","NAIF1"
"4986","C1QTNF12"
"4987","TCHP"
"4988","ZFYVE26"
"4989","CPLANE1"
"4990","MX1"
"4991","THYN1"
"4992","GET3"
"4993","MTIF3"
"4994","SIMC1"
"4995","DNAAF5"
"4996","SNRK"
"4997","PROX2"
"4998","LY6G5C"
"4999","LRRC34"
"5000","CCDC22"
"5001","ARAP1-AS1"
"5002","FAM200B"
"5003","ECM2"
"5004","COX6B2"
"5005","AC020922.1"
"5006","ZNF197"
"5007","SKAP1"
"5008","ZNF561"
"5009","DMAC2"
"5010","RAB44"
"5011","FAM83D"
"5012","SERINC3"
"5013","ACTL6A"
"5014","CD55"
"5015","ELAVL1"
"5016","TCTN2"
"5017","CTDNEP1"
"5018","LY6G5B"
"5019","LSMEM1"
"5020","ZNF479"
"5021","ZMIZ1"
"5022","AC006064.6"
"5023","CHD4"
"5024","MAP2K1"
"5025","PYCR3"
"5026","SEMA4B"
"5027","IL2RB"
"5028","ATP13A3"
"5029","SPTBN5"
"5030","SLC25A6"
"5031","RALGAPA1"
"5032","PWWP2A"
"5033","ITGAX"
"5034","ZNF418"
"5035","LTK"
"5036","D2HGDH"
"5037","AARS"
"5038","PM20D1"
"5039","AC119673.2"
"5040","EXOSC6"
"5041","AC104532.1"
"5042","VMAC"
"5043","PLAAT4"
"5044","CTNND2"
"5045","STX18"
"5046","MMP21"
"5047","NUDT13"
"5048","CCT5"
"5049","LRRC8D"
"5050","ACTR1A"
"5051","ITPRIPL1"
"5052","RAD18"
"5053","MAP3K3"
"5054","UBE2Q2L"
"5055","PTPN7"
"5056","XYLB"
"5057","USP21"
"5058","KCTD2"
"5059","VAC14"
"5060","MCAM"
"5061","USP8"
"5062","WDR73"
"5063","MRPL34"
"5064","ABHD8"
"5065","AP2M1"
"5066","NACA2"
"5067","MTERF1"
"5068","RAD51AP2"
"5069","PIF1"
"5070","OTUD7A"
"5071","AL121974.1"
"5072","CAPRIN1"
"5073","FASTKD3"
"5074","DDN-AS1"
"5075","PRKAG1"
"5076","SMAD3"
"5077","ACVR1B"
"5078","ZNF80"
"5079","DHX57"
"5080","CEACAM6"
"5081","CAPS"
"5082","SNTG2"
"5083","TIGD6"
"5084","ELMO1"
"5085","KAT2A"
"5086","TARBP1"
"5087","RNASET2"
"5088","AL159163.1"
"5089","ATF7"
"5090","AC023509.2"
"5091","TAS2R60"
"5092","MAGEC2"
"5093","AL031073.2"
"5094","RBM41"
"5095","ZFP14"
"5096","ETNK2"
"5097","UBE2Q1"
"5098","RALGPS2"
"5099","STYK1"
"5100","RIDA"
"5101","TMEM235"
"5102","ACLY"
"5103","SH3BP1"
"5104","Z83844.2"
"5105","OR9A2"
"5106","ING1"
"5107","ITSN2"
"5108","SHOX2"
"5109","XPNPEP3"
"5110","HES1"
"5111","PPM1M"
"5112","TNRC6A"
"5113","NDOR1"
"5114","AC008481.3"
"5115","ZHX3"
"5116","AC091167.2"
"5117","HNRNPA3"
"5118","FAR1"
"5119","UNC45B"
"5120","PDCL"
"5121","OR11H2"
"5122","MAP2"
"5123","AL672142.1"
"5124","LIPM"
"5125","SRRM5"
"5126","SPINT2"
"5127","ATXN7L1"
"5128","ZNF862"
"5129","CEP170"
"5130","AC137932.2"
"5131","TNIK"
"5132","DDB2"
"5133","RAPGEF3"
"5134","TBC1D20"
"5135","SNRPB2"
"5136","ANAPC2"
"5137","CENPN"
"5138","AC092718.2"
"5139","ABCE1"
"5140","BHLHE23"
"5141","MOCS2"
"5142","ANKEF1"
"5143","RNFT2"
"5144","GGT3P"
"5145","GAS2L1"
"5146","CEPT1"
"5147","MON1B"
"5148","GAB1"
"5149","EFCAB6"
"5150","EFCAB6-AS1"
"5151","SMIM13"
"5152","FBXW9"
"5153","CDCA8"
"5154","SCCPDH"
"5155","CCNF"
"5156","PTPMT1"
"5157","ZNF544"
"5158","AC020915.2"
"5159","SIGLEC10"
"5160","FRYL"
"5161","CHST10"
"5162","OSBPL10"
"5163","LRGUK"
"5164","DCTN2"
"5165","AL118508.1"
"5166","ALDOC"
"5167","CTR9"
"5168","BNIP2"
"5169","RSU1"
"5170","CTBP1-AS"
"5171","MAP2K2"
"5172","LINC02610"
"5173","PLAU"
"5174","C10orf55"
"5175","SLC2A9"
"5176","NFX1"
"5177","C19orf47"
"5178","TDRD7"
"5179","AC131953.1"
"5180","APBB2"
"5181","ZNF81"
"5182","SARDH"
"5183","BCL7A"
"5184","TRAK1"
"5185","AC015853.3"
"5186","VPS53"
"5187","RILPL2"
"5188","GNB1"
"5189","ZNF764"
"5190","C17orf100"
"5191","DDX27"
"5192","FP700111.1"
"5193","SRGAP2B"
"5194","TBC1D31"
"5195","UPK1A"
"5196","ADAMTSL4"
"5197","EI24"
"5198","ANKRD2"
"5199","CHEK1"
"5200","SRRD"
"5201","SYNM"
"5202","ACOT7"
"5203","TATDN3"
"5204","AC004922.1"
"5205","ACTL7A"
"5206","ANKRD49"
"5207","FAM25C"
"5208","FAM25G"
"5209","RASA3"
"5210","DOK7"
"5211","PCDHGB6"
"5212","FAM102A"
"5213","LRCOL1"
"5214","C5orf15"
"5215","LENG9"
"5216","TRMT61A"
"5217","AREL1"
"5218","UBXN11"
"5219","RAP1GDS1"
"5220","HLA-B"
"5221","VTI1B"
"5222","WBP4"
"5223","EPAS1"
"5224","ARAP2"
"5225","TMED7-TICAM2"
"5226","GALE"
"5227","ANP32B"
"5228","TMEM223"
"5229","ADAMTSL1"
"5230","ATP6V0B"
"5231","APLP1"
"5232","ADGRA3"
"5233","PABPC3"
"5234","OXA1L"
"5235","ANKRD13A"
"5236","AC073896.4"
"5237","SMARCC2"
"5238","ZNF692"
"5239","LINC00671"
"5240","CNTNAP1"
"5241","AC100793.3"
"5242","SPOPL"
"5243","ZNF611"
"5244","CPTP"
"5245","SBNO1"
"5246","CPB1"
"5247","NNT"
"5248","MSL2"
"5249","BCL9L"
"5250","FLT3LG"
"5251","AC010619.2"
"5252","RBMX"
"5253","STARD9"
"5254","BIK"
"5255","TCTN1"
"5256","HVCN1"
"5257","CUL5"
"5258","AMY2B"
"5259","AL121899.1"
"5260","ZBTB7B"
"5261","ITK"
"5262","RBM25"
"5263","TRAF3IP3"
"5264","ATP5MD"
"5265","BTBD2"
"5266","AGBL4"
"5267","CKAP2L"
"5268","SCAND2P"
"5269","AL132857.1"
"5270","GALT"
"5271","AL162231.3"
"5272","PI4KB"
"5273","IFITM2"
"5274","AC104472.3"
"5275","PPCDC"
"5276","JMJD7"
"5277","RIT1"
"5278","SGPP2"
"5279","EIF2S1"
"5280","MYL12B"
"5281","NAGS"
"5282","HNMT"
"5283","NAV1"
"5284","ZNF131"
"5285","CDC42"
"5286","MLX"
"5287","STOX2"
"5288","URGCP"
"5289","ABHD17B"
"5290","KIAA0100"
"5291","AP000350.4"
"5292","PRKCI"
"5293","C12orf43"
"5294","KRTAP10-4"
"5295","BPIFB3"
"5296","UBA7"
"5297","LY6G6E"
"5298","ARNTL"
"5299","NRG2"
"5300","AC008667.2"
"5301","XCL2"
"5302","PCNX3"
"5303","DTNBP1"
"5304","LMNB2"
"5305","OR2W5"
"5306","COA3"
"5307","FLT4"
"5308","TENT2"
"5309","NUGGC"
"5310","ZNF768"
"5311","MRTO4"
"5312","N4BP1"
"5313","TSNAX"
"5314","PGRMC1"
"5315","LRFN1"
"5316","RRAS"
"5317","PPT1"
"5318","CEP170B"
"5319","PMFBP1"
"5320","FBXO38"
"5321","BDH2"
"5322","POLR3G"
"5323","OSTM1"
"5324","UBXN4"
"5325","NQO1"
"5326","FBXO3"
"5327","MOBP"
"5328","CLDN23"
"5329","LRRC58"
"5330","ICMT"
"5331","RBM18"
"5332","CCDC134"
"5333","HLA-E"
"5334","MRPL32"
"5335","MAB21L2"
"5336","PLLP"
"5337","NFE2L2"
"5338","LGALS7B"
"5339","ANKRD36C"
"5340","RNPC3"
"5341","OBP2B"
"5342","AC008770.3"
"5343","ZNF700"
"5344","SHLD1"
"5345","KDM4C"
"5346","ADPRH"
"5347","AC025188.1"
"5348","HIST1H3H"
"5349","GIPC2"
"5350","ARID1A"
"5351","OTUD6B"
"5352","ST14"
"5353","ITPKC"
"5354","GATA1"
"5355","KATNB1"
"5356","CRBN"
"5357","SULT4A1"
"5358","RHOT2"
"5359","NT5M"
"5360","MBNL3"
"5361","RAP2C-AS1"
"5362","CXorf56"
"5363","NDUFA6"
"5364","GPR17"
"5365","PRKCB"
"5366","APBB1"
"5367","LACTB"
"5368","RPS6KA1"
"5369","SYNJ2BP"
"5370","OVOL1"
"5371","SAFB2"
"5372","FXYD6-FXYD2"
"5373","AL049779.1"
"5374","RFC3"
"5375","SEL1L3"
"5376","KCTD3"
"5377","ANAPC5"
"5378","ZNF605"
"5379","CDKN2D"
"5380","KSR2"
"5381","CHML"
"5382","AC137834.1"
"5383","AC093249.6"
"5384","ABCC8"
"5385","C1S"
"5386","CYSTM1"
"5387","BCL2L1"
"5388","MCM3AP"
"5389","MCM3AP-AS1"
"5390","KRTAP10-9"
"5391","FBXO4"
"5392","SLC11A2"
"5393","CPNE6"
"5394","KLHL29"
"5395","SAA4"
"5396","POLR2D"
"5397","DNAJB14"
"5398","SESN2"
"5399","FUT6"
"5400","ADGRF4"
"5401","TGS1"
"5402","SMAD5"
"5403","DEPDC5"
"5404","SRPRB"
"5405","ESYT1"
"5406","GSS"
"5407","ZMAT3"
"5408","SLF1"
"5409","ARSA"
"5410","AHSA1"
"5411","CDC5L"
"5412","ABCC5"
"5413","EPB41L5"
"5414","AOC2"
"5415","LAMTOR4"
"5416","USP20"
"5417","SPATA21"
"5418","TSHZ3"
"5419","LRRC37B"
"5420","ARPC1B"
"5421","SLC35D3"
"5422","RERE"
"5423","RXRB"
"5424","TCF20"
"5425","MTA1"
"5426","AL928654.2"
"5427","MRPL51"
"5428","MYBBP1A"
"5429","NOMO3"
"5430","SIL1"
"5431","MAP1LC3B"
"5432","ZNF296"
"5433","MAN2B1"
"5434","GMEB1"
"5435","AFAP1"
"5436","AFAP1-AS1"
"5437","POLR2A"
"5438","TXNDC5"
"5439","SLC22A23"
"5440","ZFAND5"
"5441","LINC01504"
"5442","JTB"
"5443","NDUFS7"
"5444","KIF22"
"5445","AL109827.1"
"5446","RFXAP"
"5447","ZNF321P"
"5448","KIF18B"
"5449","RBM22"
"5450","TRUB2"
